Nom de la manifestation;Région;Domaine;Complément domaine;Département;Périodicité;Mois habituel de début;Site web;N° Identification;Commune principale;Autres communes;N° de l'édition 2018;Date de début;Date de fin;Date de création;Code postal;Code INSEE;coordonnees_insee;Libellé commune pour calcul CP, INSEE;Dépt SK;Nom Département;Commentaires;N° de l'édition 2019;Check édition;Mois indicatif en chiffre, y compris double mois;Mois indicatif;Date début ancien;Date de fin ancien
FESTIVAL FAITS D'HIVER;Île-de-France;Danse;Danse contemporaine;75;Annuelle;01 (janvier);www.faitsdhiver.com;HF004;PARIS;Gentilly, Créteil;20.0;14/01/2019;20/02/2019;01/01/1999;75001;75101;48.8626304852,2.33629344655;PARIS 01;75.0;Paris;;21.0;0.0;1.0;;14/01/2019;20/02/2019
FLAMBÉES CELTIK;Bretagne;Musiques actuelles;Musiques traditionnelles et du monde;35;;01 (janvier);http://centreculturel.fougeres-communaute.bzh/;CD109;FOUGERES;;;19/01/2019;31/01/2019;;35300;35115;48.3524697115,-1.19431177241;FOUGERES;35.0;Ille-et-Vilaine;;;2020.0;1.0;;19/01/2019;31/01/2019
CHANTS D'(H)IVER;Occitanie;Musiques actuelles;Chanson;34;Annuelle;01 (janvier);www.lacigaliere.fr;KD145;SERIGNAN;;8.0;24/01/2019;26/01/2019;01/01/2011;34410;34299;43.2733185307,3.29725083254;SERIGNAN;34.0;Hérault;;9.0;0.0;1.0;;24/01/2019;26/01/2019
Drôle d’endroit pour des rencontres – Rencontres du cinéma français de Bron;Auvergne-Rhône-Alpes;Cinéma et audiovisuel;;69;Annuelle;01 (janvier);www.cinemalesalizes.com;AJ022;BRON;;27.0;25/01/2019;27/01/2019;01/01/1992;69500;69029;45.7344856902,4.91168159471;BRON;69.0;Rhône;;28.0;0.0;1.0;;25/01/2019;27/01/2019
LES NUITS GIVREES;Auvergne-Rhône-Alpes;Musiques actuelles;;69;Annuelle;02 (février);aqueduc.dardilly.fr/;AD318;DARDILLY;;;01/02/2019;02/02/2019;01/01/2012;69570;69072;45.8120018662,4.74663974001;DARDILLY;69.0;Rhône;8ème édition du rendez vous hivernal autour des musiques d'aujourd'hui;8.0;0.0;2.0;;01/02/2019;02/02/2019
Festival du court-métrage de Clermont-Ferrand;Auvergne-Rhône-Alpes;Cinéma et audiovisuel;Courts-métrages;63;Annuelle;02 (février);https://clermont-filmfest.org/;AJ018;CLERMONT FERRAND;;40.0;01/02/2019;09/02/2019;01/01/1979;63100;63113;45.7856492991,3.11554542903;CLERMONT FERRAND;63.0;Puy-de-Dôme;;41.0;0.0;2.0;;01/02/2019;09/02/2019
Regards noirs;Nouvelle-Aquitaine;Livre et littérature;Littérature policière;79;Annuelle;02 (février);http://regardsnoirs.niort.fr/;JK022;NIORT;;9.0;01/02/2019;02/02/2019;01/01/2010;79000;79191;46.328260242,-0.465353019369;NIORT;79.0;Deux-Sèvres;;10.0;0.0;2.0;;01/02/2019;02/02/2019
Les Élancées, festival des arts du geste;Provence-Alpes-Côte d'Azur;Cirque et Arts de la rue;Cirque;13;Annuelle;02 (février);http://www.scenesetcines.fr/;MM007;ISTRES;;20.0;01/02/2019;10/02/2019;01/01/1999;13118;13047;43.5502689105,4.9511813524;ISTRES;13.0;Bouches-du-Rhône;;21.0;0.0;2.0;;01/02/2019;10/02/2019
Festival international des cinémas d’Asie;Bourgogne-Franche-Comté;Cinéma et audiovisuel;Cinémas étrangers;70;Annuelle;02 (février);http://www.cinemas-asie.com;BJ010;VESOUL;;24.0;05/02/2019;12/02/2019;01/01/1995;70000;70550;47.6320408648,6.1548458149;VESOUL;70.0;Haute-Saône;;25.0;0.0;2.0;;05/02/2019;12/02/2019
Festival international du premier film d'Annonay;Auvergne-Rhône-Alpes;Cinéma et audiovisuel;Premiers films;7;Annuelle;02 (février);www.annonaypremierfilm.org;AJ046;ANNONAY;;35.0;08/02/2019;18/02/2019;01/01/1984;7100;7010;45.2460902392,4.65026947295;ANNONAY;7.0;Ardèche;;36.0;0.0;2.0;;08/02/2019;18/02/2019
JAZZ À L'ÉTAGE;Bretagne;Musiques actuelles;Jazz, blues et musiques improvisées;35;Annuelle;02 (février);www.jazzaletage.com;CD131;RENNES;;9.0;09/02/2019;09/03/2019;01/01/2010;35700;35238;48.1119791219,-1.68186449144;RENNES;35.0;Ille-et-Vilaine;;10.0;0.0;2.0;;09/02/2019;09/03/2019
Festival Présences;Île-de-France;Musiques classiques;Musique contemporaine;75;Annuelle;02 (février);https://www.maisondelaradio.fr/festival-presences-2019;HE027;PARIS;;28.0;12/02/2019;17/02/2019;01/01/1991;75001;75101;48.8626304852,2.33629344655;PARIS 01;75.0;Paris;;29.0;0.0;2.0;;12/02/2019;17/02/2019
Ciné Junior – Festival de cinéma jeunes publics en Val-de-Marne;Île-de-France;Cinéma et audiovisuel;Enfance et jeunesse;94;Annuelle;02 (février);www.cinemapublic.org;HJ002;CRETEIL;Diverses communes;28.0;13/02/2019;26/02/2019;01/01/1991;94000;94028;48.7837401836,2.45463530415;CRETEIL;94.0;Val-de-Marne;;29.0;0.0;1.0;;13/02/2019;26/02/2019
FESTIVAL ROUE WAROCH;Bretagne;Musiques actuelles;Musiques traditionnelles et du monde;56;Annuelle;02 (février);www.roue-waroch.fr;CD191;PLESCOP;;;15/02/2019;17/02/2019;01/01/1997;56890;56158;47.6973490259,-2.83080852214;PLESCOP;56.0;Morbihan;23ème édition du Festival Roue Waroch à Plescop. Le Roue Waroch est un festival mêlant culture bretonne et musiques traditionnelles du monde.;23.0;0.0;2.0;;15/02/2019;17/02/2019
Journées du livre russe;Île-de-France;Livre et littérature;Littératures étrangères;75;Annuelle;02 (février);http://journeesdulivrerusse.fr/;HK002;PARIS;;9.0;16/02/2019;17/02/2019;01/01/2010;75001;75101;48.8626304852,2.33629344655;PARIS 01;75.0;Paris;;10.0;0.0;2.0;;16/02/2019;17/02/2019
ESCALE D'HUMOUR;Nouvelle-Aquitaine;Divers Spectacle vivant;Humour;17;Annuelle;02 (février);https://www.royanatlantique.fr/;JH004;ROYAN;;6.0;16/02/2019;23/02/2019;01/01/2013;17200;17306;45.6346574238,-1.01791403375;ROYAN;17.0;Charente-Maritime;;7.0;0.0;2.0;;16/02/2019;23/02/2019
FESTIVAL LA CORDE RAIDE;Pays de la Loire;Musiques actuelles;Musiques amplifiées ou électroniques;44;Annuelle;02 (février);https://pontdzic.com;LD035;Pontchateau;;1.0;28/02/2019;02/03/2019;01/01/2018;44160;44129;47.433636363,-2.09556089039;Pontchateau;44.0;Loire-Atlantique;;2.0;0.0;2.0;;28/02/2019;02/03/2019
LES NUITS DE LA ROULOTTE;Auvergne-Rhône-Alpes;Pluridisciplinaire Spectacle vivant;;73;Annuelle;03 (mars);www.lesnuitsdelaroulotte.com;AB039;CHAMBERY;;16.0;01/03/2019;09/03/2019;01/01/2003;73000;73065;45.583182552,5.90903392417;CHAMBERY;73.0;Savoie;;17.0;0.0;3.0;;01/03/2019;09/03/2019
OOOH! LE FESTIVAL;Hauts-de-France;Musiques actuelles;;59;Annuelle;03 (mars);https://oooh-lefestival.fr/;GD121;Mons en Barœul;;;01/03/2019;03/03/2019;01/01/2019;59370;59410;50.6432478699,3.1087677878;Mons en Barœul;59.0;Nord;Première édition pour Oooh! Le Festival à Mons-en-Barœul, à côté de Lille, du vendredi 1er au dimanche 3 mars 2019, dans la salle Salvador Allende.;1.0;0.0;3.0;;01/03/2019;03/03/2019
CAFE DE LA MARINE;Normandie;Musiques actuelles;Chanson;76;Annuelle;03 (mars);www.trianontransatlantique.com;ID066;SOTTEVILLE LES ROUEN;;26.0;01/03/2019;02/04/2019;01/01/1993;76300;76681;49.4104887444,1.09509946531;SOTTEVILLE LES ROUEN;76.0;Seine-Maritime;;27.0;0.0;3.0;;01/03/2019;02/04/2019
Festival Hip Hop évolution;Mayotte;Danse;Danses urbaines;976;Biennale années impaires;03 (mars);https://fr-fr.facebook.com/hiphopevolutionmayotte/;RF001;BANDRABOUA;;;01/03/2019;09/03/2019;;97650;97602;-12.7232292527,45.1181212208;BANDRABOUA;976.0;Mayotte;;21.0;1999.0;3.0;;01/03/2019;09/03/2019
JAZZ DE MARS;Centre-Val de Loire;Musiques actuelles;Jazz, blues et musiques improvisées;28;Annuelle;03 (mars);www.jazzdemars.com;DD017;CHARTRES;Luisant (28)  /  Neron (28)  /  Nogent Le Rotrou (28)  / Chartres (28)  /  Vernouillet (28)  /  Saint Remy sur Avre (28)  /  Jouy (28)  /  Cloyes Sur Le Loir (28)  /  Maintenon (28)  /  Mainvilliers (28)  /  Brou (28)  /  Nogent le Phaye (28)  /  Gommerville (76)  /  Gallardon (28)  / Chateauneuf En Thymerais (28);;02/03/2019;30/03/2019;01/01/1995;28000;28085;48.4471464884,1.50570610616;CHARTRES;28.0;Eure-et-Loir;;25.0;0.0;3.0;;02/03/2019;30/03/2019
LES FOUS RIRES D'AVIGNON;Provence-Alpes-Côte d'Azur;Divers Spectacle vivant;Humour;84;Annuelle;03 (mars);http://www.leparisavignon.com;MH019;AVIGNON;;;02/03/2019;16/03/2019;01/01/2011;84140;84007;43.9352448339,4.84071572505;AVIGNON;84.0;Vaucluse;9e édition Les Fous Rires d'Avignon ! Fort du succès des 8 éditions précédentes, le théâtre Le Paris propose de nouveau son festival de l'humour : têtes d'affiches, comédies et jeunes artistes prometteurs vont faire rire le public !;9.0;0.0;3.0;;02/03/2019;16/03/2019
Cours z'y vite;Grand Est;Pluridisciplinaire Spectacle vivant;Jeune public;10;Annuelle;03 (mars);https://www.sainte-savine.fr/;FB003;Ste Savine;;17.0;08/03/2019;24/03/2019;01/01/2002;10300;10362;48.2963408998,4.02333022061;Ste Savine;10.0;Aube;;18.0;0.0;3.0;;08/03/2019;24/03/2019
L’Autre Salon;Île-de-France;Livre et littérature;;75;Annuelle;03 (mars);https://www.lautrelivre.fr/;HK020;PARIS;;1.0;08/03/2019;10/03/2019;01/01/2018;75001;75101;48.8626304852,2.33629344655;PARIS 01;75.0;Paris;;2.0;0.0;3.0;;08/03/2019;10/03/2019
FREE SONS DIVERS;Pays de la Loire;Musiques actuelles;Musiques amplifiées ou électroniques;85;Annuelle;03 (mars);www.freesonsdivers.com;LD113;LES HERBIERS;;16.0;08/03/2019;09/03/2019;01/01/2003;85500;85109;46.8666125813,-1.02216086186;LES HERBIERS;85.0;Vendée;;17.0;0.0;3.0;;08/03/2019;09/03/2019
VAND INFLUENCES;Grand Est;Musiques actuelles;Musiques traditionnelles et du monde;54;Annuelle;03 (mars);www.vandinfluences.fr;FD045;VANDOEUVRE LES NANCY;;;09/03/2019;24/03/2019;01/01/2011;54500;54547;48.6579999356,6.16531229307;VANDOEUVRE LES NANCY;54.0;Meurthe-et-Moselle;"9ème édition. Festival des cultures et musiques du monde, sur Vandœuvre et l'agglomération. ""Danses et métissages"".";9.0;0.0;3.0;;09/03/2019;24/03/2019
La BD est dans le pré;Nouvelle-Aquitaine;Livre et littérature;Bande dessinée;47;Annuelle;03 (mars);;JK012;Fourques sur Garonne;;5.0;09/03/2019;10/03/2019;01/01/2014;47200;47101;44.4554149219,0.154536756798;Fourques sur Garonne;47.0;Lot-et-Garonne;;6.0;0.0;3.0;;09/03/2019;10/03/2019
VOIX DE FEMMES;Provence-Alpes-Côte d'Azur;Musiques actuelles;Chanson;13;Annuelle;03 (mars);http://cdc-smc.fr/;MD153;ST Martin de Crau;;16.0;09/03/2019;23/03/2019;01/01/2003;13310;13097;43.6119214615,4.85701475567;ST Martin de Crau;13.0;Bouches-du-Rhône;;17.0;0.0;3.0;;09/03/2019;23/03/2019
1, 2, 3, MUSIQUE;Nouvelle-Aquitaine;Pluridisciplinaire Spectacle vivant;;33;Annuelle;03 (mars);www.grandpiano.fr;JB015;TALENCE;;10.0;12/03/2019;23/03/2019;01/01/2009;33400;33522;44.8060817507,-0.591124592873;TALENCE;33.0;Gironde;;11.0;0.0;3.0;;12/03/2019;23/03/2019
LA TERRE EST A NOUS;Île-de-France;Musiques actuelles;Musiques traditionnelles et du monde;92;Annuelle;03 (mars);http://www.nanterre.fr/;HD148;NANTERRE;;4.0;13/03/2019;17/04/2019;01/01/2015;92000;92050;48.8960701282,2.20671346353;NANTERRE;92.0;Hauts-de-Seine;;5.0;0.0;3.0;;13/03/2019;17/04/2019
Festival Lézard Ti Show;Martinique;Cirque et Arts de la rue;Arts de la rue;972;Annuelle;03 (mars);http://www.lezardtishow.fr/;QM001;LE CARBET;;9.0;13/03/2019;17/03/2019;01/01/2010;97221;97204;14.7110039815,-61.1647565483;CARBET;972.0;Martinique;;10.0;0.0;3.0;;13/03/2019;17/03/2019
VOIRON JAZZ FESTIVAL;Auvergne-Rhône-Alpes;Musiques actuelles;Jazz, blues et musiques improvisées;38;Annuelle;03 (mars);www.voiron-jazz.com;AD251;VOIRON;;8.0;14/03/2019;30/03/2019;01/01/2011;38500;38563;45.3791720843,5.58240310671;VOIRON;38.0;Isère;;9.0;0.0;3.0;;14/03/2019;30/03/2019
HANDICLAP;Pays de la Loire;Pluridisciplinaire Spectacle vivant;;44;Annuelle;03 (mars);handiclap.fr;LB021;NANTES;;;14/03/2019;17/03/2019;01/01/1989;44200;44109;47.2316356767,-1.54831008605;NANTES;44.0;Loire-Atlantique;31ème édition. Organisé par l'Association Pour Adultes et Jeunes Handicapés de Loire-Atlantique (APAJH 44), le Festival Handiclap est un rendez-vous convivial et festif. Cet événement se veut avant tout accessible au plus grand nombre.;31.0;0.0;3.0;;14/03/2019;17/03/2019
BLUES AUTOUR DU ZINC;Hauts-de-France;Musiques actuelles;Jazz, blues et musiques improvisées;60;Annuelle;03 (mars);www.zincblues.com;GD053;BEAUVAIS;;23.0;15/03/2019;23/03/2019;01/01/1996;60000;60057;49.4365523321,2.08616123661;BEAUVAIS;60.0;Oise;;24.0;0.0;3.0;;15/03/2019;23/03/2019
QUAND ON CONTE;Nouvelle-Aquitaine;Divers spectacle vivant;Conte;86;Annuelle;03 (mars);quandonconte.free.fr;JH040;Nouaille Maupertuis;;;15/03/2019;30/03/2019;01/01/1998;86000;86194;46.5839207726,0.359947653003;Nouaille Maupertuis;86.0;Vienne;22ème édition. Festival des arts de la parole et musiques sur les Vallées du Clain.;22.0;0.0;3.0;;15/03/2019;30/03/2019
NUITS DU BLUES D'ABBEVILLE;Hauts-de-France;Musiques actuelles;Jazz, blues et musiques improvisées;80;Annuelle;03 (mars);www.nuits-du-blues-abbeville.fr;;ABBEVILLE;;;15/03/2019;16/03/2019;01/01/1995;80100;80001;50.1083582944,1.83209170207;ABBEVILLE;80.0;Somme;;25.0;0.0;3.0;;15/03/2019;16/03/2019
LA JOURNEE DE LA GUITARE A MUTZIG;Grand Est;Musiques actuelles;;67;Annuelle;03 (mars);www.jdlg.eu;FD124;Mutzig;;2.0;16/03/2019;17/03/2019;01/01/2017;67190;67313;48.538054845,7.45530315563;Mutzig;67.0;Bas-Rhin;3ème édition de La Journée de la Guitare à Mutzig.;3.0;0.0;3.0;;16/03/2019;17/03/2019
Ciné-court animé – Festival international du court métrage d'animation de Roanne;Auvergne-Rhône-Alpes;Cinéma et audiovisuel;Animation;42;Annuelle;03 (mars);www.cinecourtanime.com;AJ006;ROANNE;;9.0;18/03/2019;24/03/2019;01/01/2010;42300;42187;46.0449112487,4.0797045647;ROANNE;42.0;Loire;;10.0;0.0;3.0;;18/03/2019;24/03/2019
ROCK SAONE FESTIVAL;Auvergne-Rhône-Alpes;Musiques actuelles;Musiques amplifiées ou électroniques;69;Annuelle;03 (mars);http://www.harmoniedeneuville.fr/;AD325;Neuville sur Saone;;6.0;19/03/2019;24/03/2019;01/01/2013;69250;69143;45.8829276204,4.84373616973;Neuville sur Saone;69.0;Rhône;7ème édition. Du rock, du bon, du local, telle est la marque de fabrique du Rock Saône Festival !;7.0;0.0;3.0;;19/03/2019;24/03/2019
Festival Les Emancipéés;Bretagne;Transdisciplinaire;Littérature et chanson;56;Annuelle;03 (mars);https://www.festival-lesemancipees.bzh/;CK011;VANNES;;2.0;19/03/2019;24/03/2019;01/01/2017;56000;56260;47.6597493766,-2.75714329498;VANNES;56.0;Morbihan;;3.0;0.0;3.0;;19/03/2019;24/03/2019
Printemps du livre;Auvergne-Rhône-Alpes;Livre et littérature;;38;Annuelle;03 (mars);http://printempsdulivre.bm-grenoble.fr/;AK013;GRENOBLE;;16.0;20/03/2019;24/03/2019;01/01/2003;38000;38185;45.1821215167,5.72133051752;GRENOBLE;38.0;Isère;;17.0;0.0;3.0;;20/03/2019;24/03/2019
FESTIVAL ELECTR()CUTION;Bretagne;Musiques actuelles;Jazz, blues et musiques improvisées;29;Annuelle;03 (mars);www.ensemblesillages.com;CD080;BREST;;5.0;20/03/2019;23/03/2019;01/01/2014;29200;29019;48.4004997828,-4.5027907853;BREST;29.0;Finistère;6ème édition des rencontres des instruments acoustiques et de l'électronique. Au programme : rencontres improbables entre instruments et dispositifs électroacoustiques, créations, exposition, concerts, conférences, rencontres...;6.0;0.0;3.0;;20/03/2019;23/03/2019
FESTIVAL CHOPIN À PARIS;Île-de-France;Musiques classiques;;75;Annuelle;03 (mars);www.frederic-chopin.com;HE004;PARIS;;35.0;20/03/2019;23/03/2019;01/01/1984;75001;75101;48.8626304852,2.33629344655;PARIS 01;75.0;Paris;36ème édition du Festival Chopin à Paris.;36.0;0.0;3.0;;20/03/2019;23/03/2019
JAZZ A MONTBRISON;Auvergne-Rhône-Alpes;Musiques actuelles;Jazz, blues et musiques improvisées;42;Annuelle;03 (mars);http://www.theatredespenitents.fr;AD189;MONTBRISON;;19.0;21/03/2019;11/04/2019;01/01/2000;42600;42147;45.6008365515,4.0713982073;MONTBRISON;42.0;Loire;;20.0;0.0;3.0;;21/03/2019;11/04/2019
EQUINOX FESTIVAL DE GRENOBLE;Auvergne-Rhône-Alpes;Musiques actuelles;;38;Annuelle;03 (mars);https://www.equinox-festival.fr;AD320;GRENOBLE;;;21/03/2019;22/03/2019;;38000;38185;45.1821215167,5.72133051752;GRENOBLE;38.0;Isère;L'Equinox est le festival du Cercle des Élèves de Grenoble INP. Entièrement porté par une équipe étudiante et bénévole, il a à cœur de proposer une programmation de qualité à un tarif attractif.;;2020.0;3.0;;21/03/2019;22/03/2019
Biennale internationale du design de Saint-Étienne;Auvergne-Rhône-Alpes;Arts plastiques et visuels;Design;42;Biennale années impaires;03 (mars);;AI010;ST ETIENNE;;;21/03/2019;22/04/2019;01/01/1998;42100;42218;45.4301235512,4.37913997076;ST ETIENNE;42.0;Loire;;25.0;-3.0;3.0;;21/03/2019;22/04/2019
Biennale de danse du Val-de-Marne;Île-de-France;Danse;Danse contemporaine;94;Biennale années impaires;03 (mars);http://www.alabriqueterie.com/fr/;HF002;VITRY SUR SEINE;Diverses communes;;21/03/2019;19/04/2019;;94400;94081;48.7882828307,2.39412680533;VITRY SUR SEINE;94.0;Val-de-Marne;;19.0;2001.0;3.0;;21/03/2019;19/04/2019
Mars Planète Danse;Nouvelle-Aquitaine;Danse;;16;Annuelle;03 (mars);http://www.avantscene.com;JF001;COGNAC;;3.0;21/03/2019;30/03/2019;01/01/2016;16100;16102;45.6962326551,-0.33507941815;COGNAC;16.0;Charente;;4.0;0.0;3.0;;21/03/2019;30/03/2019
AMIS DU JAZZ TRADITIONNEL;Auvergne-Rhône-Alpes;Musiques actuelles;Jazz, blues et musiques improvisées;26;;03 (mars);www.ajtderochegude.com;AD015;ROCHEGUDE;;;22/03/2019;24/03/2019;;26790;26275;44.2556674573,4.83716476858;ROCHEGUDE;26.0;Drôme;;;2020.0;3.0;;22/03/2019;24/03/2019
Théâtre en livres;Île-de-France;Transdisciplinaire;Théâtre et littérature;75;;03 (mars);https://www.editionstheatrales.fr/;HA021;PARIS;Avignon, Dijon, Lyon, Marseille, Lille, Montreuil, Toulouse, Villeneuve-lez-Avignon;;22/03/2019;06/04/2019;01/01/2017;75001;75101;48.8626304852,2.33629344655;PARIS 01;75.0;Paris;;3.0;0.0;3.0;;22/03/2019;06/04/2019
AGIT AL SOL;Occitanie;Musiques actuelles;;11;Annuelle;03 (mars);www.musicalsol.fr/;KD028;Villegly;;4.0;22/03/2019;24/03/2019;01/01/2015;11600;11426;43.2930208254,2.43699100253;Villegly;11.0;Aude;5ème édition. On vous le dit depuis 2014 : « Agité-es vous êtes, Agité-es nous sommes !! », et bien « Agité-es nous resterons !! »;5.0;0.0;3.0;;22/03/2019;24/03/2019
PRINTEMPS DU RIRE - LE FESTIVAL D'HUMOUR DE TOULOUSE;Occitanie;Divers Spectacle vivant;Humour;31;Annuelle;03 (mars);www.printempsdurire.com;KH011;TOULOUSE;L'Union (31)  /  Labege (31)  /  Caraman (31);23.0;22/03/2019;21/04/2019;01/01/1996;31300;31555;43.5963814303,1.43167293364;TOULOUSE;31.0;Haute-Garonne;24ème édition du festival le Printemps du rire de Toulouse.;24.0;0.0;3.0;;22/03/2019;21/04/2019
Rencontres cinéma d'Amérique Latine de Toulouse;Occitanie;Cinéma et audiovisuel;Cinémas étrangers;31;Annuelle;03 (mars);http://www.cinelatino.fr/;KJ011;TOULOUSE;;30.0;22/03/2019;31/03/2019;01/01/1989;31300;31555;43.5963814303,1.43167293364;TOULOUSE;31.0;Haute-Garonne;;31.0;0.0;3.0;;22/03/2019;31/03/2019
Acoustic Festival;Pays de la Loire;Musiques actuelles;Musiques amplifiées ou électroniques;85;Annuelle;03 (mars);www.acoustic-festival.fr;LD112;Le Poire sur Vie;;9.0;22/03/2019;24/03/2019;01/01/2010;85170;85178;46.769919754,-1.50488626452;Le Poire sur Vie;85.0;Vendée;10ème édition. Apparu en 2010, Acoustic, le festival veut embarquer les festivaliers dans un voyage musical, où public et artistes entrent en communion dans l'intimité d'un espace à l'acoustique hors pair;10.0;0.0;3.0;;22/03/2019;24/03/2019
Festival Rue des livres;Bretagne;Livre et littérature;;35;Annuelle;03 (mars);www.festival-ruedeslivres.org;CK010;RENNES;;11.0;23/03/2019;24/03/2019;01/01/2008;35700;35238;48.1119791219,-1.68186449144;RENNES;35.0;Ille-et-Vilaine;;12.0;0.0;3.0;;23/03/2019;24/03/2019
LE FESTIVAL DU BRUIT QUI PENSE;Île-de-France;Musiques classiques;;78;Annuelle;03 (mars);www.bruitquipense.com;HE028;Louveciennes;;3.0;23/03/2019;31/03/2019;01/01/2016;78430;78350;48.8590188206,2.11364039022;Louveciennes;78.0;Yvelines;4ème édition. Festival international de musique classique situé à Louveciennes.;4.0;0.0;3.0;;23/03/2019;31/03/2019
Hors limites;Île-de-France;Livre et littérature;;93;Annuelle;03 (mars);http://www.hors-limites.fr/;HK001;ST DENIS;Diverses communes;10.0;23/03/2019;13/04/2019;01/01/2009;93200;93066;48.9295650455,2.3592429975;ST DENIS;93.0;Seine-Saint-Denis;;11.0;0.0;3.0;;23/03/2019;13/04/2019
Festival international de cinéma d'animation de Pontarlier;Bourgogne-Franche-Comté;Cinéma et audiovisuel;Animation;25;Annuelle;03 (mars);https://www.ccjb.fr/;BJ003;PONTARLIER;;10.0;26/03/2019;31/03/2019;01/01/2009;25300;25462;46.9119730882,6.38914602031;PONTARLIER;25.0;Doubs;;11.0;0.0;3.0;;26/03/2019;31/03/2019
RADIOMEUH CIRCUS FESTIVAL;Auvergne-Rhône-Alpes;Musiques actuelles;Musiques amplifiées ou électroniques;74;Annuelle;03 (mars);www.circus.radiomeuh.com;AD271;LA CLUSAZ;;6.0;28/03/2019;31/03/2019;01/01/2013;74220;74080;45.9001389505,6.46031714364;LA CLUSAZ;74.0;Haute-Savoie;Radio Meuh invite à la maison ses coups de coeurs musicaux et tous les copains pour 5 jours de festival dans le cadre intimiste et chaleureux de son berceau natal, La Clusaz.;7.0;0.0;3.0;;28/03/2019;31/03/2019
JOURS DE JAZZ;Centre-Val de Loire;Musiques actuelles;Jazz, blues et musiques improvisées;45;Annuelle;03 (mars);www.lafertesaintaubin.com;DD061;LA FERTE ST AUBIN;;4.0;28/03/2019;31/03/2019;01/01/2015;45240;45146;47.7119750833,1.92714666074;LA FERTE ST AUBIN;45.0;Loiret;;5.0;0.0;3.0;;28/03/2019;31/03/2019
FESTIVAL CURIEUX VOYAGEURS;Auvergne-Rhône-Alpes;Cinéma et audiovisuel;Documentaire;42;Annuelle;03 (mars);http://www.curieuxvoyageurs.com/;AJ019;ST ETIENNE;;40.0;29/03/2019;31/03/2019;01/01/1979;42100;42218;45.4301235512,4.37913997076;ST ETIENNE;42.0;Loire;;41.0;0.0;3.0;;29/03/2019;31/03/2019
MYTHOS;Bretagne;Musiques actuelles;;35;Annuelle;03 (mars);www.festival-mythos.com;CD145;ST JACQUES DE LA LANDE;Rennes (35) / Cesson Sevigne (35);22.0;29/03/2019;07/04/2019;01/01/1997;35136;35281;48.0755625884,-1.72405381322;ST JACQUES DE LA LANDE;35.0;Ille-et-Vilaine;23ème édition du festival Mythos à Rennes;23.0;0.0;3.0;;29/03/2019;07/04/2019
LE PRINTEMPS ETUDIANT;Occitanie;Musiques actuelles;Musiques amplifiées ou électroniques;31;Annuelle;04 (avril);www.leprintempsetudiant.com;KD258;TOULOUSE;;21.0;02/04/2019;13/04/2019;01/01/1998;31300;31555;43.5963814303,1.43167293364;TOULOUSE;31.0;Haute-Garonne;22ème édition du Printemps Etudiant de Toulouse.;22.0;0.0;4.0;;02/04/2019;13/04/2019
Confrontation - Festival de Perpignan;Occitanie;Cinéma et audiovisuel;;66;Annuelle;04 (avril);www.inst-jeanvigo.eu;KJ002;PERPIGNAN;;54.0;02/04/2019;07/04/2019;01/01/1965;66000;66136;42.6965954131,2.89936953979;PERPIGNAN;66.0;Pyrénées-Orientales;;55.0;0.0;4.0;;02/04/2019;07/04/2019
ESCALE'N'JAZZ;Île-de-France;Musiques actuelles;Jazz, blues et musiques improvisées;91;Annuelle;04 (avril);http://www.lavilledubois.fr/;HD134;La Ville du Bois;;3.0;05/04/2019;07/04/2019;01/01/2016;91620;91665;48.6610194975,2.26503430984;La Ville du Bois;91.0;Essonne;;4.0;0.0;3.0;;05/04/2019;07/04/2019
Pulp festival;Île-de-France;Livre et littérature;Bande dessinée;77;Annuelle;04 (avril);www.lafermedubuisson.com;HK018;NOISIEL;;5.0;05/04/2019;28/04/2019;01/01/2014;77186;77337;48.8460926469,2.61997100426;NOISIEL;77.0;Seine-et-Marne;;6.0;0.0;4.0;;05/04/2019;28/04/2019
Canneseries;Provence-Alpes-Côte d'Azur;Cinéma et audiovisuel;Audiovisuel;6;Annuelle;04 (avril);http://canneseries.com/fr/;MJ040;CANNES;;1.0;05/04/2019;10/04/2019;01/01/2018;6400;6029;43.5526202843,7.00427592728;CANNES;6.0;Alpes-Maritimes;;2.0;0.0;4.0;;05/04/2019;10/04/2019
Fête du livre d'Autun;Bourgogne-Franche-Comté;Livre et littérature;;71;Annuelle;04 (avril);https://www.lireenpaysautunois.fr/;BK007;AUTUN;;21.0;06/04/2019;07/04/2019;01/01/1998;71400;71014;46.945536773,4.31060069532;AUTUN;71.0;Saône-et-Loire;;22.0;0.0;4.0;;06/04/2019;07/04/2019
L'EVEIL DU BOUCAN;Bretagne;Musiques actuelles;Musiques amplifiées ou électroniques;56;Annuelle;04 (avril);http://www.noznroll.org;CD089;VANNES;Saint Nolff (56);;06/04/2019;22/04/2019;01/01/2013;56000;56260;47.6597493766,-2.75714329498;VANNES;56.0;Morbihan;7ème édition. Concerts, Exposition, Spectacle pour enfants, Convention du disque et de la BD.;7.0;0.0;4.0;;06/04/2019;22/04/2019
KAN AR BOBL;Bretagne;Musiques actuelles;Musiques traditionnelles et du monde;56;;04 (avril);http://kanarbobl.org/;CD141;PONTIVY;;;06/04/2019;07/04/2019;01/01/1973;56300;56178;48.0729953877,-2.97046592885;PONTIVY;56.0;Morbihan;;47.0;0.0;4.0;;06/04/2019;07/04/2019
AGLA'SCÈNES;Île-de-France;Musiques actuelles;Musiques amplifiées ou électroniques;91;;04 (avril);www.aglascenes.com;HD132;EGLY;;;06/04/2019;06/04/2019;;91520;91207;48.5778313904,2.22141176606;EGLY;91.0;Essonne;;;2020.0;4.0;;06/04/2019;06/04/2019
Festival du cinéma brésilien de Paris;Île-de-France;Cinéma et audiovisuel;Cinémas étrangers;75;Annuelle;04 (avril);http://www.festivaldecinemabresilienparis.com;HJ020;PARIS;;20.0;09/04/2019;16/04/2019;01/01/1999;75001;75101;48.8626304852,2.33629344655;PARIS 01;75.0;Paris;;21.0;0.0;4.0;;09/04/2019;16/04/2019
MAGIC MONT-BLANC FESTIVAL;Auvergne-Rhône-Alpes;Divers Spectacle vivant;Magie;74;Annuelle;04 (avril);www.chamonix.fr;AH012;CHAMONIX MONT BLANC;;1.0;10/04/2019;14/04/2019;01/01/2018;74400;74056;45.9309819111,6.92360096711;CHAMONIX MONT BLANC;74.0;Haute-Savoie;;2.0;0.0;4.0;;10/04/2019;14/04/2019
FESTIV'ARTS A GRENOBLE;Auvergne-Rhône-Alpes;Cirque et Arts de la rue;Arts de la rue;38;Annuelle;04 (avril);http://festiv-arts.com;AM011;GRENOBLE;;17.0;11/04/2019;13/04/2019;01/01/2002;38000;38185;45.1821215167,5.72133051752;GRENOBLE;38.0;Isère;;18.0;0.0;4.0;;11/04/2019;13/04/2019
Festival de la bande dessinée d'Alpe d'Huez;Auvergne-Rhône-Alpes;Livre et littérature;Bande dessinée;38;Annuelle;04 (avril);www.isere-tourisme.com;AK018;HUEZ;;13.0;12/04/2019;14/04/2019;01/01/2006;38750;38191;45.0969425761,6.08474810987;HUEZ;38.0;Isère;;14.0;0.0;4.0;;12/04/2019;14/04/2019
PANORAMAS;Bretagne;Musiques actuelles;Musiques amplifiées ou électroniques;29;Annuelle;04 (avril);www.festivalpanoramas.com;CD146;MORLAIX;Saint Martin des Champs (29);21.0;12/04/2019;14/04/2019;01/01/1998;29600;29151;48.5996746612,-3.82052019963;MORLAIX;29.0;Finistère;Le festival Panoramas, qui se déroulera du  12 au 14 avril 2019  dans le Pays de Morlaix, s'annonce déjà comme un rendez-vous immanquable pour les amateurs de musiques électroniques. Cette 22ème édition affiche une programmation plus que jamais internationale et avant-gardiste.;22.0;0.0;4.0;;12/04/2019;14/04/2019
Festival L'autre Cirque;Auvergne-Rhône-Alpes;Cirque et Arts de la rue;Cirque;26;Annuelle;04 (avril);https://www.ladrome.fr/festival-lautre-cirque-0;AM001;Eurre;;2.0;13/04/2019;14/04/2019;01/01/2017;26400;26125;44.758262486,4.97623533568;Eurre;26.0;Drôme;;3.0;0.0;4.0;;13/04/2019;14/04/2019
SKANK MY FEST;Île-de-France;Musiques actuelles;Musiques amplifiées ou électroniques;94;Annuelle;04 (avril);http://www.ressourcerieduspectacle.fr/;HD182;VITRY SUR SEINE;;4.0;13/04/2019;13/04/2019;01/01/2015;94400;94081;48.7882828307,2.39412680533;VITRY SUR SEINE;94.0;Val-de-Marne;;5.0;0.0;4.0;;13/04/2019;13/04/2019
CAR SCENE ROCK SON;Nouvelle-Aquitaine;Musiques actuelles;Musiques amplifiées ou électroniques;40;Annuelle;04 (avril);;JD115;Carcen Ponson;;8.0;13/04/2019;13/04/2019;01/01/2011;40400;40067;43.871874652,-0.81936363917;Carcen Ponson;40.0;Landes;;9.0;0.0;4.0;;13/04/2019;13/04/2019
Journées du livre et du vin;Pays de la Loire;Transdisciplinaire;Livre et vin;49;Annuelle;04 (avril);www.livreetvin.com;LK012;SAUMUR;;23.0;13/04/2019;14/04/2019;01/01/1996;49400;49328;47.2673853525,-0.0830410591988;SAUMUR;49.0;Maine-et-Loire;;24.0;0.0;4.0;;13/04/2019;14/04/2019
PERFORMANCE D'ACTEUR;Provence-Alpes-Côte d'Azur;Divers Spectacle vivant;Humour;6;Annuelle;04 (avril);www.performancedacteur.com;MH002;CANNES;;;15/04/2019;22/04/2019;01/01/1980;6400;6029;43.5526202843,7.00427592728;CANNES;6.0;Alpes-Maritimes;40ème édition de ce rendez-vous de l'humour, le festival Performance d'acteur de Cannes.;40.0;0.0;4.0;;15/04/2019;22/04/2019
Le Printemps de Bourges;Centre-Val de Loire;Musiques actuelles;;18;Annuelle;04 (avril);www.printemps-bourges.com;DD002;BOURGES;Bruere Allichamps (18);;16/04/2019;21/04/2019;01/01/1977;18000;18033;47.0749572013,2.40417137557;BOURGES;18.0;Cher;43ème édition du festival du Printemps de Bourges. Premier festival du calendrier, le Printemps de Bourges donne le pouls de la saison, entre grands artistes populaires et scènes émergentes. Incontournable.;43.0;0.0;4.0;;16/04/2019;21/04/2019
FESTIVAL DU FILM PANAFRICAIN;Provence-Alpes-Côte d'Azur;Cinéma et audiovisuel;Cinémas étrangers;6;;04 (avril);http://fifp.fr/;MJ008;CANNES;;;17/04/2019;21/04/2019;;6400;6029;43.5526202843,7.00427592728;CANNES;6.0;Alpes-Maritimes;;;2020.0;4.0;;17/04/2019;21/04/2019
REPERKUSOUND;Auvergne-Rhône-Alpes;Musiques actuelles;Musiques amplifiées ou électroniques;69;Annuelle;04 (avril);www.reperkusound.com;AD219;VILLEURBANNE;;;19/04/2019;21/04/2019;01/01/2006;69100;69266;45.7707704179,4.88845817426;VILLEURBANNE;69.0;Rhône;14ème édition du festival Reperkusound au Double Mixte à Villeurbanne.;14.0;0.0;4.0;;19/04/2019;21/04/2019
CHAULNES METAL FEST;Hauts-de-France;Musiques actuelles;Musiques amplifiées ou électroniques;80;Annuelle;04 (avril);http://www.chaulnesmetalfest.fr/;GD087;CHAULNES;;16.0;19/04/2019;20/04/2019;01/01/2003;80320;80186;49.8169359721,2.80153906029;CHAULNES;80.0;Somme;;17.0;0.0;4.0;;19/04/2019;20/04/2019
LES BEAUX JOURS DE LA MUSIQUE;Nouvelle-Aquitaine;Pluridisciplinaire Spectacle vivant;;64;Annuelle;04 (avril);ville.biarritz.fr/festival-les-beaux-jours;JB020;BIARRITZ;;;19/04/2019;26/04/2019;01/01/2016;64200;64122;43.4695847227,-1.55309857519;BIARRITZ;64.0;Pyrénées-Atlantiques;4ème édition du festival.;4.0;0.0;4.0;;19/04/2019;26/04/2019
LITTLE WEEK END;Nouvelle-Aquitaine;Musiques actuelles;;40;Annuelle;04 (avril);https://little-festival.fr;JD241;Seignosse;;;19/04/2019;20/04/2019;01/01/2019;40510;40296;43.7021964029,-1.3970873051;Seignosse;40.0;Landes;1ère édition. La Little Family inaugure la saison electro dans les Landes.;1.0;0.0;4.0;;19/04/2019;20/04/2019
Fête des Tulipes;Île-de-France;Transdisciplinaire;Jardins et spectacle vivant;93;;04 (avril);;HA007;ST DENIS;;;20/04/2019;21/04/2019;;93200;93066;48.9295650455,2.3592429975;ST DENIS;93.0;Seine-Saint-Denis;;;2020.0;4.0;;20/04/2019;21/04/2019
VELOSHOW;Occitanie;Transdisciplinaire;Musique, sport et écologie;30;Annuelle;04 (avril);https://www.veloshow.fr/;KA018;SOMMIERES;;;21/04/2019;22/04/2019;01/01/2019;30250;30321;43.7756118498,4.08232743857;SOMMIERES;30.0;Gard;1ere édition. Quand cyclisme et musique se mêlent avec la complicité d'artistes amateurs de vélo naît le Véloshow, un concept unique à la croisée d'univers multiples : musique, sport, écologie et tourisme.;1.0;0.0;4.0;;21/04/2019;22/04/2019
DINARD COMEDY FESTIVAL (LES ESTIVALES DU RIRE);Bretagne;Divers Spectacle vivant;Humour;35;Annuelle;04 (avril);http://www.ville-dinard.fr/;CH023;DINARD;;21.0;26/04/2019;30/04/2019;01/01/1998;35800;35093;48.6241805945,-2.0619828606;DINARD;35.0;Ille-et-Vilaine;;22.0;0.0;4.0;;26/04/2019;30/04/2019
ECHOS & MERVEILLES;Occitanie;Musiques actuelles;Musiques traditionnelles et du monde;31;Annuelle;04 (avril);http://echosetmerveilles.fr/;KD069;Bruguieres;;6.0;26/04/2019;28/04/2019;01/01/2013;31150;31091;43.7271508931,1.40915818124;Bruguieres;31.0;Haute-Garonne;;7.0;0.0;4.0;;26/04/2019;28/04/2019
ÈRE DE RIEN;Pays de la Loire;Transdisciplinaire;;44;Annuelle;04 (avril);www.festival-lerederien.com;LA001;REZE;;;26/04/2019;28/04/2019;01/01/2012;44400;44143;47.1762338904,-1.54966399893;REZE;44.0;Loire-Atlantique;;8.0;0.0;4.0;;26/04/2019;28/04/2019
Salon de Montrouge;Île-de-France;Arts plastiques et visuels;;92;Annuelle;04 (avril);http://www.salondemontrouge.com/;HI006;MONTROUGE;;63.0;27/04/2019;22/05/2019;01/01/1956;92120;92049;48.8153032159,2.31648921432;MONTROUGE;92.0;Hauts-de-Seine;;64.0;0.0;4.0;;27/04/2019;22/05/2019
FESTIVAL FLOREAL MUSICAL;Grand Est;Musiques classiques;;88;Annuelle;04 (avril);https://www.lorraineaucoeur.com;FE007;EPINAL;;35.0;30/04/2019;11/05/2019;01/01/1984;88000;88160;48.1631202656,6.47989286928;EPINAL;88.0;Vosges;;36.0;0.0;4.0;;30/04/2019;11/05/2019
Peinture Fraîche;Auvergne-Rhône-Alpes;Arts plastiques et visuels;;69;;05 (mai);https://www.peinturefraichefestival.fr/;AI019;LYON;;;03/05/2019;12/05/2019;01/01/2019;69001;69381;45.7699284397,4.82922464978;LYON 01;69.0;Rhône;"Peinture Fraîche convoque à Lyon 70 artistes ""street art"" du monde entier pour une ambitieuse exposition assortie de multiples évènements, mêlant peinture en direct, conférences ou ateliers numériques, qui se déroule dans la Halle Debourg, vaste entrepôt désaffecté dont les parois intérieures ont été intégralement investies, sous-sol compris, par les fresques et installations d'artistes venus de 12 pays";1.0;0.0;5.0;;03/05/2019;12/05/2019
MARLY JAZZ FESTIVAL;Grand Est;Musiques actuelles;Jazz, blues et musiques improvisées;57;Annuelle;05 (mai);www.marlyjazzfestival.com;FD102;MARLY;;;06/05/2019;09/05/2019;01/01/2005;57155;57447;49.0658509672,6.15231485365;MARLY;57.0;Moselle;;15.0;0.0;5.0;;06/05/2019;09/05/2019
BORDEAUX CITE TANGO FESTIVAL;Nouvelle-Aquitaine;Musiques actuelles;Musiques traditionnelles et du monde;33;;05 (mai);http://www.bordeaux-tango-festival.com/?lang=fr;JD078;BORDEAUX;;;07/05/2019;12/05/2019;;33000;33063;44.8572445351,-0.57369678116;BORDEAUX;33.0;Gironde;;;2020.0;5.0;;07/05/2019;12/05/2019
MOSH FEST;Occitanie;Musiques actuelles;Musiques amplifiées ou électroniques;34;Annuelle;05 (mai);www.toutafond.com;KD239;ST JEAN DE VEDAS;;;10/05/2019;11/05/2019;01/01/2015;34430;34270;43.5716282319,3.83221847952;ST JEAN DE VEDAS;34.0;Hérault;;5.0;0.0;5.0;;10/05/2019;11/05/2019
SUR LA ROUTE DES ORGUES EN PAYS DE SAINT MALO;Bretagne;Musiques classiques;;35;Annuelle;05 (mai);www.laroutedesorgues.weebly.com;CE014;Cancale;Hédé-Bazouges, La Fresnais et Saint-Malo (35);;11/05/2019;02/06/2019;;35260;35049;48.6835209896,-1.8650827351;Cancale;35.0;Ille-et-Vilaine;Créé à l'occasion du Jour National de l'Orgue, ce festival propose chaque année un parcours différent sur le Pays de Saint-Malo pour présenter différentes facettes de l'orgue.;;2020.0;5.0;;11/05/2019;02/06/2019
LES SONS DU LUB;Provence-Alpes-Côte d'Azur;Musiques actuelles;;84;Annuelle;05 (mai);http://www.sonsdulub.fr/;MD184;Beaumont De Pertuis;La Tour d'Aigues (84);14.0;11/05/2019;25/05/2019;01/01/2005;84120;84014;43.7379108971,5.69599127224;Beaumont De Pertuis;84.0;Vaucluse;;15.0;0.0;5.0;;11/05/2019;25/05/2019
Quinzaine des Réalisateurs;Provence-Alpes-Côte d'Azur;Cinéma et audiovisuel;;6;Annuelle;05 (mai);www.quinzaine-realisateurs.com;MJ003;CANNES;;50.0;15/05/2019;25/05/2019;01/01/1969;6400;6029;43.5526202843,7.00427592728;CANNES;6.0;Alpes-Maritimes;;51.0;0.0;5.0;;15/05/2019;25/05/2019
Semaine internationale de la critique (SIC);Provence-Alpes-Côte d'Azur;Cinéma et audiovisuel;;6;Annuelle;05 (mai);www.semainedelacritique.com;MJ004;CANNES;;57.0;15/05/2019;23/05/2019;01/01/1962;6400;6029;43.5526202843,7.00427592728;CANNES;6.0;Alpes-Maritimes;;58.0;0.0;5.0;;15/05/2019;23/05/2019
FESTIVAL DE LA VOIX A CHATEAUROUX;Centre-Val de Loire;Pluridisciplinaire Musique;;36;Annuelle;05 (mai);www.festivaldelavoix-chateauroux.fr;DC006;CHATEAUROUX;Issoudun (36)  /  Valencay (36);;16/05/2019;19/05/2019;01/01/2006;36000;36044;46.8029617828,1.69399812001;CHATEAUROUX;36.0;Indre;14ème édition du Festival de la Voix à Chateauroux.;14.0;0.0;5.0;;16/05/2019;19/05/2019
Festival Ah? dans la rue;Nouvelle-Aquitaine;Cirque et Arts de la rue;Arts de la rue;79;Annuelle;05 (mai);https://www.ahsaisonetfestival.com/;JM016;PARTHENAY;;16.0;16/05/2019;27/05/2019;01/01/2003;79200;79202;46.6453493842,-0.233028439198;PARTHENAY;79.0;Deux-Sèvres;;17.0;0.0;6.0;;16/05/2019;27/05/2019
Les 24 heures de l'INSA de Lyon;Auvergne-Rhône-Alpes;Musiques actuelles;Musiques amplifiées ou électroniques;69;Annuelle;05 (mai);www.24heures.org;AD002;VILLEURBANNE;;;17/05/2019;19/05/2019;01/01/1975;69100;69266;45.7707704179,4.88845817426;VILLEURBANNE;69.0;Rhône;Les 24 heures de l'INSA reviennent pour leur 45ème édition sur le campus de la Doua à Villeurbanne !;45.0;0.0;5.0;;17/05/2019;19/05/2019
LES ZICOPHONIES;Auvergne-Rhône-Alpes;Musiques actuelles;;63;Annuelle;05 (mai);www.asso-claj.net;AD295;CLERMONT FERRAND;;23.0;17/05/2019;18/05/2019;01/01/1996;63100;63113;45.7856492991,3.11554542903;CLERMONT FERRAND;63.0;Puy-de-Dôme;;24.0;0.0;5.0;;17/05/2019;18/05/2019
EBULLI'SON;Bourgogne-Franche-Comté;Musiques actuelles;;25;Annuelle;05 (mai);https://www.facebook.com/festivalebullison/;BD100;Montfaucon;;;17/05/2019;18/05/2019;01/01/2018;25660;25395;47.2418571296,6.08660837587;Montfaucon;25.0;Doubs;2e édition du festival Ebulli'Son, le festival de la bière et du son.;2.0;0.0;5.0;;17/05/2019;18/05/2019
LA POULE A FACETTES;Centre-Val de Loire;Musiques actuelles;;37;Annuelle;05 (mai);assoartlequin.wix.com/lapouleafacettes;DD086;Cormery;;;17/05/2019;18/05/2019;01/01/2012;37320;37083;47.2592432669,0.845873952159;Cormery;37.0;Indre-et-Loire;8ème édition du festival La Poule à Facettes à Cormery.;8.0;0.0;5.0;;17/05/2019;18/05/2019
Festival Époque;Normandie;Livre et littérature;;14;Annuelle;05 (mai);http://caen.fr/epoque;IK003;CAEN;;4.0;17/05/2019;19/05/2019;01/01/2015;14000;14118;49.1847936737,-0.369801713036;CAEN;14.0;Calvados;;5.0;0.0;5.0;;17/05/2019;19/05/2019
Fêtes le pont (édition mai);Nouvelle-Aquitaine;Cirque et Arts de la rue;Arts de la rue;17;Bi-annuelle;05 (mai);www.cnarsurlepont.fr;JM026;LA ROCHELLE;;4.0;17/05/2019;19/05/2019;01/01/2017;17000;17300;46.1620643972,-1.17465702836;LA ROCHELLE;17.0;Charente-Maritime;Deux événements en octobre et mai, une edition consacrée au répertoire en octobre, à la création en mai.;12.0;-9.0;5.0;;17/05/2019;19/05/2019
Salon du livre d'Alençon;Normandie;Livre et littérature;;61;Annuelle;05 (mai);www.salondulivrealencon.fr;IK007;ALENCON;;23.0;18/05/2019;19/05/2019;01/01/1996;61000;61001;48.4318193082,0.0915406916107;ALENCON;61.0;Orne;;24.0;0.0;5.0;;18/05/2019;19/05/2019
AIX EN PROVOCK;Provence-Alpes-Côte d'Azur;Musiques actuelles;Musiques amplifiées ou électroniques;13;Annuelle;05 (mai);provock.fr;MD210;AIX EN PROVENCE;;1.0;18/05/2019;19/05/2019;01/01/2018;13290;13001;43.5360708378,5.39857444582;AIX EN PROVENCE;13.0;Bouches-du-Rhône;Deuxième édition du festival Aix-en-Provock.;2.0;0.0;5.0;;18/05/2019;19/05/2019
AUBERCAIL;Île-de-France;Musiques actuelles;Chanson;93;Annuelle;05 (mai);www.aubercail.fr;HD153;AUBERVILLIERS;;12.0;22/05/2019;25/05/2019;01/01/2007;93300;93001;48.9121722626,2.38445513768;AUBERVILLIERS;93.0;Seine-Saint-Denis;;13.0;0.0;5.0;;22/05/2019;25/05/2019
TEMPOS DU MONDE;Nouvelle-Aquitaine;Musiques actuelles;Musiques traditionnelles et du monde;40;Annuelle;05 (mai);www.temposdumonde.com;JD120;ST PAUL LES DAX;;19.0;22/05/2019;25/05/2019;01/01/2000;40990;40279;43.7464083139,-1.08127980711;ST PAUL LES DAX;40.0;Landes;;20.0;0.0;5.0;;22/05/2019;25/05/2019
CHAPITOSCOPE;Nouvelle-Aquitaine;Cirque et Arts de la rue;Cirque;33;Annuelle;05 (mai);http://www.festivalchapitoscope.com;JM004;CREON;;;22/05/2019;26/05/2019;01/01/2014;33670;33140;44.770425384,-0.343606134456;CREON;33.0;Gironde;;6.0;0.0;5.0;;22/05/2019;26/05/2019
Festival du premier roman de Chambery;Auvergne-Rhône-Alpes;Livre et littérature;;73;Annuelle;05 (mai);http://www.festivalpremierroman.com;AK012;CHAMBERY;;31.0;23/05/2019;26/05/2019;01/01/1988;73000;73065;45.583182552,5.90903392417;CHAMBERY;73.0;Savoie;;32.0;0.0;5.0;;23/05/2019;26/05/2019
Festival du livre de jeunesse et de BD de Cherbourg;Normandie;Livre et littérature;Livre de jeunesse;50;Annuelle;05 (mai);http://festivaldulivre.com/;IK004;CHERBOURG EN COTENTIN;;31.0;23/05/2019;26/05/2019;01/01/1988;50100;50129;49.633412156,-1.63390160204;CHERBOURG EN COTENTIN;50.0;Manche;;32.0;0.0;5.0;;23/05/2019;26/05/2019
LES RENDEZ VOUS DE SAINT LYPHARD;Pays de la Loire;Cirque et Arts de la rue;Arts de la rue;72;Annuelle;05 (mai);http://www.tombesdelalune.com;LM012;La Ferte Bernard;;10.0;23/05/2019;26/05/2019;01/01/2009;72400;72132;48.1842560568,0.634694806211;La Ferte Bernard;72.0;Sarthe;;11.0;0.0;5.0;;23/06/2019;26/05/2019
Caractères;Bourgogne-Franche-Comté;Livre et littérature;;89;Annuelle;05 (mai);https://www.festival-caracteres.fr/;BK006;AUXERRE;;5.0;24/05/2019;26/05/2019;01/01/2014;89000;89024;47.793488225,3.58168281761;AUXERRE;89.0;Yonne;;6.0;0.0;5.0;;24/05/2019;26/05/2019
RUSH;Normandie;Musiques actuelles;;76;Annuelle;05 (mai);http://rush.le106.com;ID065;ROUEN;;4.0;24/05/2019;26/05/2019;01/01/2015;76000;76540;49.4413460103,1.09256784278;ROUEN;76.0;Seine-Maritime;;5.0;0.0;5.0;;24/05/2019;26/05/2019
AMANAD'ARTS;Occitanie;Transdisciplinaire;Arts platiques et musique;81;;05 (mai);https://www.facebook.com/204372450492559/photos/gm.2406403782979224/272600500336420/?type=3&theater;KA999;ALBI;;;24/05/2019;26/05/2019;;81000;81004;43.9258213622,2.14686328555;ALBI;81.0;Tarn;;;2020.0;5.0;;24/05/2019;26/05/2019
WINE NAT / WHITE HEAT;Pays de la Loire;Musiques actuelles;Musiques amplifiées ou électroniques;44;Annuelle;05 (mai);http://www.winenatwhiteheat.com/;LD028;NANTES;;4.0;24/05/2019;26/05/2019;01/01/2015;44200;44109;47.2316356767,-1.54831008605;NANTES;44.0;Loire-Atlantique;;5.0;0.0;5.0;;24/05/2019;26/05/2019
Festivalet;Auvergne-Rhône-Alpes;Livre et littérature;;43;Annuelle;05 (mai);https://www.tisseursdemots.org/-Le-Festivalet-.html;AK999;BLESLE;;;24/05/2019;26/05/2019;01/01/2015;43450;43033;45.3179155382,3.17686146037;BLESLE;43.0;Haute-Loire;;5.0;0.0;5.0;;;
LA BIBLIOTHEQUE PARLANTE;Île-de-France;Livre et littérature;;75;;05 (mai);https://www.bnf.fr/fr;HK999;PARIS;;;25/05/2019;26/05/2019;;75001;75101;48.8626304852,2.33629344655;PARIS 01;75.0;Paris;occasion de découvrir et de parcourir ses différents espaces, ses salles de lecture et ses collections, ses coulisses et son jardin, mobilisés le temps d’un week-end pour écouter des textes lus par des artistes et des comédien(ne)s;;2020.0;5.0;;25/05/2019;26/05/2019
Ô Mauvais Buisson;Pays de la Loire;Musiques actuelles;Musiques amplifiées ou électroniques;44;Annuelle;05 (mai);http://www.omauvaisbuisson.fr/;LD136;MAUMUSSON;;14.0;25/05/2019;25/05/2019;01/01/2005;44540;44093;47.4827042599,-1.11902046549;MAUMUSSON;44.0;Loire-Atlantique;;15.0;0.0;5.0;;25/05/2019;25/05/2019
Hip hop Rendez vous;Provence-Alpes-Côte d'Azur;Musiques actuelles;Musiques amplifiées ou électroniques;13;;05 (mai);https://rendezvoushiphop.culture.gouv.fr/;MD048;MARSEILLE;Lille, Nantes, Nîmes et Paris;;25/05/2019;01/06/2019;;13001;13201;43.2999009436,5.38227869795;MARSEILLE 01;13.0;Bouches-du-Rhône;;;2020.0;5.0;;25/05/2019;01/06/2019
DIME ON FEST;Provence-Alpes-Côte d'Azur;Musiques actuelles;;6;Annuelle;05 (mai);;MD040;NICE;;4.0;26/05/2019;26/05/2019;01/01/2015;6100;6088;43.7119992661,7.23826889465;NICE;6.0;Alpes-Maritimes;;5.0;0.0;5.0;;26/05/2019;26/05/2019
JAZZ FESTIVAL DE MUNSTER;Grand Est;Musiques actuelles;Jazz, blues et musiques improvisées;68;Annuelle;05 (mai);www.jazzmunster.eu;FD084;MUNSTER;;31.0;28/05/2019;01/06/2019;01/01/1988;68140;68226;48.0448514207,7.14149744282;MUNSTER;68.0;Haut-Rhin;;32.0;0.0;5.0;;28/05/2019;01/06/2019
Nuits sonores;Auvergne-Rhône-Alpes;Musiques actuelles;Musiques amplifiées ou électroniques;69;Annuelle;05 (mai);www.nuits-sonores.com;AD214;LYON;;16.0;29/05/2019;02/06/2019;01/01/2003;69001;69381;45.7699284397,4.82922464978;LYON 01;69.0;Rhône;;17.0;0.0;5.0;;29/05/2019;02/06/2019
FESTIVAL DANSES ET MUSIQUES DU MONDE DE MONTATAIRE;Hauts-de-France;Musiques actuelles;Musiques traditionnelles et du monde;60;Annuelle;05 (mai);www.mairie-montataire.fr/;GD063;MONTATAIRE;;18.0;29/05/2019;30/05/2019;01/01/2001;60160;60414;49.2632645948,2.43135724334;MONTATAIRE;60.0;Oise;;19.0;0.0;5.0;;29/05/2019;30/05/2019
LES PETITES FOLIES;Bretagne;Musiques actuelles;;29;Annuelle;05 (mai);www.lespetitesfolies-iroise.com;CD175;LAMPAUL PLOUARZEL;;8.0;30/05/2019;01/06/2019;01/01/2011;29810;29098;48.4502704596,-4.76463637416;LAMPAUL PLOUARZEL;29.0;Finistère;;9.0;0.0;6.0;;30/05/2019;01/06/2019
PROG SUD;Provence-Alpes-Côte d'Azur;Musiques actuelles;Musiques amplifiées ou électroniques;13;Annuelle;05 (mai);http://progsudfestival.nuxit.net;MD169;Les Pennes Mirabeau;;19.0;30/05/2019;01/06/2019;01/01/2000;13170;13071;43.4026791235,5.31547094057;Les Pennes Mirabeau;13.0;Bouches-du-Rhône;;20.0;0.0;5.0;;30/05/2019;01/06/2019
COULEURS DU MONDE;Bretagne;Musiques actuelles;Musiques traditionnelles et du monde;56;Annuelle;05 (mai);www.leplancher.com;CD063;LANGONNET;;10.0;31/05/2019;02/06/2019;01/01/2009;56630;56100;48.1318811919,-3.48128235286;LANGONNET;56.0;Morbihan;;11.0;0.0;5.0;;31/05/2019;02/06/2019
FLORILEGE VOCAL DE TOURS;Centre-Val de Loire;Musiques classiques;Lyrique et choral;37;;05 (mai);;DE007;TOURS;;;31/05/2019;02/06/2019;;37000;37261;47.3986382281,0.696526376417;TOURS;37.0;Indre-et-Loire;;;2020.0;5.0;;31/05/2019;02/06/2019
LAPLAGE A GLAZART;Île-de-France;Musiques actuelles;Musiques amplifiées ou électroniques;75;Annuelle;05 (mai);www.glazart.com;HD022;PARIS;;19.0;31/05/2019;01/08/2019;01/01/2000;75001;75101;48.8626304852,2.33629344655;PARIS 01;75.0;Paris;;20.0;0.0;6.0;;31/05/2019;01/08/2019
Musiques Métisses;Nouvelle-Aquitaine;Musiques actuelles;Musiques traditionnelles et du monde;16;Annuelle;05 (mai);www.musiques-metisses.com;JD010;ANGOULEME;;43.0;31/05/2019;02/06/2019;01/01/1976;16000;16015;45.6472585146,0.14514490683;ANGOULEME;16.0;Charente;;44.0;0.0;6.0;;31/05/2019;02/06/2019
MILLESIME FESTIVAL;Nouvelle-Aquitaine;Musiques actuelles;;33;;05 (mai);;JD999;La Reole;;;31/05/2019;01/06/2019;;33190;33352;44.5860904495,-0.042370404021;LA REOLE;33.0;Gironde;;;2020.0;5.0;;31/05/2019;01/06/2019
JUNE EVENTS;Île-de-France;Danse;Danses urbaines;75;;06 (juin);;HF006;PARIS;;;01/06/2019;15/06/2019;;75001;75101;48.8626304852,2.33629344655;PARIS 01;75.0;Paris;;;2020.0;6.0;;02/06/2018;22/06/2018
Les Nuits de Fourvière;Auvergne-Rhône-Alpes;Pluridisciplinaire Spectacle vivant;;69;Annuelle;06 (juin);https://www.nuitsdefourviere.com/;AB034;LYON;;73.0;01/06/2019;30/07/2019;01/01/1946;69001;69381;45.7699284397,4.82922464978;LYON 01;69.0;Rhône;;74.0;0.0;6.0;;01/06/2019;30/07/2019
NORMANDY METAL FEST;Normandie;Musiques actuelles;Musiques amplifiées ou électroniques;27;;06 (juin);;ID999;Louviers;;;01/06/2019;01/06/2019;;27400;27375;49.2206099164,1.15340030158;Louviers;27.0;Eure;;;2020.0;6.0;;01/06/2019;01/06/2019
LES COUCHETARDS;Pays de la Loire;Musiques actuelles;;44;Annuelle;06 (juin);http://lescouchetards.e-monsite.com/;LD041;ST Joachim;;6.0;01/06/2019;01/06/2019;01/01/2013;44720;44168;47.3721622371,-2.24296601109;ST Joachim;44.0;Loire-Atlantique;;7.0;0.0;6.0;;01/06/2019;01/06/2019
Furies, festival de cirque et de théâtre de rue de Châlons-en-Champagne;Grand Est;Cirque et Arts de la rue;Arts de la rue;51;Annuelle;06 (juin);https://www.furies.fr/;FM005;CHALONS EN CHAMPAGNE;;29.0;03/06/2019;09/06/2019;01/01/1990;51000;51108;48.9640892125,4.37883539725;CHALONS EN CHAMPAGNE;51.0;Marne;;30.0;0.0;6.0;;03/06/2019;09/06/2019
Tours d'horizons;Centre-Val de Loire;Danse;Danse contemporaine;37;;06 (juin);http://www.ccntours.com;DF004;TOURS;;;04/06/2019;15/06/2019;;37000;37261;47.3986382281,0.696526376417;TOURS;37.0;Indre-et-Loire;;;2020.0;6.0;;05/06/2018;16/06/2018
Tôt ou t'Arts;Auvergne-Rhône-Alpes;Cirque et Arts de la rue;Arts de la rue;1;Annuelle;06 (juin);https://www.festivaltotoutarts.com/;AM023;GEX;;17.0;05/06/2019;15/06/2019;01/01/2002;1170;1173;46.3471891747,6.04650555568;GEX;1.0;Ain;;18.0;0.0;6.0;;06/06/2018;16/06/2018
QUATUORS À BORDEAUX;Nouvelle-Aquitaine;Musiques classiques;Musique de chambre;33;Annuelle;06 (juin);www.quatuorabordeaux.com;JE033;BORDEAUX;;20.0;05/06/2019;12/06/2019;01/01/1999;33000;33063;44.8572445351,-0.57369678116;BORDEAUX;33.0;Gironde;;21.0;0.0;6.0;;05/06/2019;12/06/2019
LET'S DOCKS;Occitanie;Musiques actuelles;Musiques amplifiées ou électroniques;46;Annuelle;06 (juin);www.lesdocks-cahors.fr;KD161;CAHORS;;17.0;05/06/2019;08/06/2019;01/01/2002;46000;46042;44.4507370916,1.44075837848;CAHORS;46.0;Lot;;18.0;0.0;6.0;;05/06/2019;08/06/2019
GUITARE EN SAVE;Occitanie;Musiques actuelles;A classer musiques actuelles;31;Annuelle;06 (juin);http://www.guitarensave.fr/;KD999;MONTAIGUT SUR SAVE;;;05/06/2019;09/06/2019;01/01/2010;31530;31356;43.6803943619,1.2345663902;MONTAIGUT SUR SAVE;31.0;Haute-Garonne;;10.0;0.0;6.0;;;
6EME CONTINENT;Auvergne-Rhône-Alpes;Musiques actuelles;Musiques traditionnelles et du monde;69;Annuelle;06 (juin);www.sixiemecontinent.net;AD004;LYON;;22.0;06/06/2019;09/06/2019;01/01/1997;69001;69381;45.7699284397,4.82922464978;LYON 01;69.0;Rhône;;23.0;0.0;6.0;;06/06/2019;09/06/2019
LES PETITES REVERIES;Bourgogne-Franche-Comté;Pluridisciplinaire Spectacle vivant;;58;Annuelle;06 (juin);http://www.lespetitesreveries.com;BB016;BRINON SUR BEUVRON;;16.0;06/06/2019;09/06/2019;01/01/2003;58420;58041;47.2843863072,3.49020583859;BRINON SUR BEUVRON;58.0;Nièvre;;17.0;0.0;6.0;;06/06/2019;09/06/2019
JEUDIS MUSICAUX;Nouvelle-Aquitaine;Musiques classiques;;17;Annuelle;06 (juin);https://www.agglo-royan.fr/;JE999;ST GEORGES DE DIDONNE;;;06/06/2019;19/09/2019;01/01/1989;17110;17333;45.6036278448,-0.980098297165;ST GEORGES DE DIDONNE;17.0;Charente-Maritime;;31.0;0.0;6.0;;06/06/2019;19/09/2019
Graines de Rue;Nouvelle-Aquitaine;Cirque et Arts de la rue;Arts de la rue;87;Annuelle;06 (juin);http://www.grainesderue.fr/;JM018;Bessines sur Gartempe;;21.0;06/06/2019;09/06/2019;01/01/1998;87250;87014;46.1088644019,1.3601193629;Bessines sur Gartempe;87.0;Haute-Vienne;;22.0;0.0;6.0;;06/06/2019;09/06/2019
ARTS EN JAZZ A COURS ET JARDINS;Auvergne-Rhône-Alpes;Musiques actuelles;Jazz, blues et musiques improvisées;69;;06 (juin);;AD019;LYON;;;07/06/2019;16/06/2019;;69001;69381;45.7699284397,4.82922464978;LYON 01;69.0;Rhône;;;2020.0;6.0;;01/06/2018;10/06/2018
Coming of Rock;Bourgogne-Franche-Comté;Musiques actuelles;Musiques amplifiées ou électroniques;25;Annuelle;06 (juin);;BD021;Le Russey;;4.0;07/06/2019;08/06/2019;01/01/2015;25210;25512;47.1549185878,6.73440290446;Le Russey;25.0;Doubs;;5.0;0.0;6.0;;07/06/2019;08/06/2019
ART ROCK;Bretagne;Pluridisciplinaire Spectacle vivant;;22;Annuelle;06 (juin);www.artrock.org;CB012;ST BRIEUC;;36.0;07/06/2019;09/06/2019;01/01/1983;22000;22278;48.5149806053,-2.76154552773;ST BRIEUC;22.0;Côtes-d'Armor;Baisse de fréquentation de 7,9 % par rapport à l’édition 2017 (de spectacle d’art de rue en 2018);37.0;0.0;6.0;;07/06/2019;09/06/2019
BIG LOVE;Bretagne;Musiques actuelles;Musiques amplifiées ou électroniques;35;Annuelle;06 (juin);http://crabcakecorporation.com;CD032;RENNES;;4.0;07/06/2019;09/06/2019;01/01/2015;35700;35238;48.1119791219,-1.68186449144;RENNES;35.0;Ille-et-Vilaine;;5.0;0.0;6.0;;07/06/2019;09/06/2019
Chapitre Nature;Centre-Val de Loire;Transdisciplinaire;Nature et littérature;36;;06 (juin);http://www.chapitrenature.com/;DA003;Le Blanc;;;07/06/2019;09/06/2019;;36300;36018;46.6346200347,1.10013221164;Le Blanc;36.0;Indre;;;2020.0;6.0;;07/06/2019;09/06/2019
L'PAILLE A SONS;Centre-Val de Loire;Musiques actuelles;Musiques amplifiées ou électroniques;28;Annuelle;06 (juin);http://lpailleasons-festival.com;DD019;CHARTRES;;4.0;07/06/2019;08/06/2019;01/01/2015;28000;28085;48.4471464884,1.50570610616;CHARTRES;28.0;Eure-et-Loir;;5.0;0.0;6.0;;07/06/2019;08/06/2019
LES FESTEJADES;Occitanie;Transdisciplinaire;Musique et cuisine;11;Annuelle;06 (juin);http://www.ville-gruissan.fr/;KA999;GRUISSAN;;;07/06/2019;09/06/2019;01/01/2005;11430;11170;43.1040163547,3.08229513652;GRUISSAN;11.0;Aude;;15.0;0.0;6.0;;07/06/2019;09/06/2019
OUTDOORMIX FESTIVAL;Provence-Alpes-Côte d'Azur;Musiques actuelles;;5;Annuelle;06 (juin);http://outdoormixfestival.com;MD167;EMBRUN;;6.0;07/06/2019;10/06/2019;01/01/2013;5200;5046;44.5804294908,6.47559298927;EMBRUN;5.0;Hautes-Alpes;;7.0;0.0;6.0;;07/06/2019;10/06/2019
SAKIFO MUSIK FESTIVAL;La Réunion;Musiques actuelles;Musiques amplifiées ou électroniques;974;Annuelle;06 (juin);www.sakifo.com;PD003;ST PIERRE;;15.0;07/06/2019;09/06/2019;01/01/2004;97410;97416;-21.3123242427,55.4936155164;ST PIERRE;974.0;La Réunion;;16.0;0.0;6.0;;07/06/2019;09/06/2019
JAZZ AUX SOURCES;Auvergne-Rhône-Alpes;Musiques actuelles;Jazz, blues et musiques improvisées;63;Annuelle;06 (juin);http://www.jazz-aux-sources.com;AD195;CHATEL GUYON;;20.0;07/06/2019;10/06/2019;01/01/1999;63140;63103;45.9206993185,3.0632143777;CHATEL GUYON;63.0;Puy-de-Dôme;;21.0;0.0;6.0;;;
Lyon BD festival;Auvergne-Rhône-Alpes;Livre et littérature;Bande dessinée;69;Annuelle;06 (juin);https://www.lyonbd.com/;AK010;LYON;;13.0;08/06/2019;09/06/2019;01/01/2006;69001;69381;45.7699284397,4.82922464978;LYON 01;69.0;Rhône;;14.0;0.0;6.0;;08/06/2019;09/06/2019
LA TOUR MET LES WATTS;Île-de-France;Musiques actuelles;Musiques amplifiées ou électroniques;78;Annuelle;06 (juin);;HD127;VOISINS LE BRETONNEUX;;2.0;08/06/2019;08/06/2019;01/01/2017;78960;78688;48.758677648,2.04850691768;VOISINS LE BRETONNEUX;78.0;Yvelines;;3.0;0.0;6.0;;08/06/2019;08/06/2019
ROCK & CARS;Occitanie;Musiques actuelles;Musiques amplifiées ou électroniques;81;;06 (juin);;KD999;Lavaur;;;08/06/2019;09/06/2019;;81500;81140;43.6895628711,1.79437213708;Lavaur;81.0;Tarn;;;2020.0;6.0;;08/06/2019;09/06/2019
PAY'TA TONG;Pays de la Loire;Pluridisciplinaire Spectacle vivant;Musiques et arts de la rue;85;Annuelle;06 (juin);http://www.paytatong.com;LB016;LA FERRIERE;;15.0;08/06/2019;09/06/2019;01/01/2004;85280;85089;46.7215872927,-1.33469332327;LA FERRIERE;85.0;Vendée;;16.0;0.0;6.0;;08/06/2019;09/06/2019
MÉTIV'SON;Nouvelle-Aquitaine;Musiques actuelles;;86;;06 (juin);;JD999;ANTIGNY;;;09/06/2019;09/06/2019;;86310;86006;46.5360016424,0.839149696505;ANTIGNY;86.0;Vienne;;;2020.0;6.0;;09/06/2019;09/06/2019
FESTIVAL D'ANJOU;Pays de la Loire;Théâtre;;49;Annuelle;06 (juin);www.festivaldanjou.com;LG003;Longuenée-en-Anjou;;69.0;10/06/2019;29/06/2019;01/01/1950;49770;49200;47.5607664036,-0.683468497352;Longuenee en Anjou;49.0;Maine-et-Loire;;70.0;0.0;6.0;;11/06/2018;30/06/2018
WHEELS AND WAVES;Nouvelle-Aquitaine;Transdisciplinaire;Moto et musique;64;Annuelle;06 (juin);https://www.wheels-and-waves.com/;JA999;BIARRITZ;;;12/06/2019;16/06/2019;01/01/2012;64200;64122;43.4695847227,-1.55309857519;BIARRITZ;64.0;Pyrénées-Atlantiques;;8.0;0.0;6.0;;12/06/2019;16/06/2019
FESTI'ROCHE;Auvergne-Rhône-Alpes;Musiques actuelles;Musiques traditionnelles et du monde;42;;06 (juin);www.festiroche.com;AD135;ROCHE LA MOLIERE;;;13/06/2019;16/06/2019;;42230;42189;45.4259230436,4.32495559821;ROCHE LA MOLIERE;42.0;Loire;;;2020.0;6.0;;;
ROCKALISSIMO;Bourgogne-Franche-Comté;Musiques actuelles;Musiques amplifiées ou électroniques;39;Annuelle;06 (juin);www.rockalissimo.com;BD080;ST AUBIN;;15.0;14/06/2019;15/06/2019;01/01/2004;39410;39476;47.0326920185,5.33365017851;ST AUBIN;39.0;Jura;;16.0;0.0;6.0;;14/06/2019;15/06/2019
RUES ET CIES;Grand Est;Cirque et Arts de la rue;Arts de la rue;88;Annuelle;06 (juin);http://www.epinal.fr/culture/festivals/rues-et-cies;FM016;EPINAL;;35.0;14/06/2019;16/06/2019;01/01/1984;88000;88160;48.1631202656,6.47989286928;EPINAL;88.0;Vosges;Organisé par la ville d'Epinal. Festival de spectacles de rue pluridisciplinaire, totalement gratuit sur 2 jours. Retrouvez la programmation complète ICI;36.0;0.0;6.0;;14/06/2019;16/06/2019
JAZZ EN PIC SAINT LOUP;Occitanie;Musiques actuelles;Jazz, blues et musiques improvisées;34;Annuelle;06 (juin);http://www.jazzajunas.fr/festival-jazz-en-pic-st-loup;KD236;Le Triadou;;18.0;14/06/2019;15/06/2019;01/01/2001;34270;34314;43.7367810666,3.85739515015;Le Triadou;34.0;Hérault;;19.0;0.0;6.0;;14/06/2019;15/06/2019
FESTIVAL DES VOIX A MOISSAC;Occitanie;Musiques actuelles;;82;;06 (juin);;KD999;Moissac;;;14/06/2019;23/06/2019;;82200;82112;44.1262518079,1.09834758014;Moissac;82.0;Tarn-et-Garonne;;;2020.0;6.0;;14/06/2019;23/06/2019
CROIX-ROUSSE;Auvergne-Rhône-Alpes;Musiques actuelles;;69;Annuelle;06 (juin);www.mediatone.net;AD081;LYON;;11.0;15/06/2019;15/06/2019;01/01/2008;69001;69381;45.7699284397,4.82922464978;LYON 01;69.0;Rhône;;12.0;0.0;6.0;;16/06/2018;17/06/2018
GOD SAVE THE KOUIGN;Bretagne;Musiques actuelles;Musiques amplifiées ou électroniques;29;;06 (juin);;CD118;Penmarch;;;15/06/2019;15/06/2019;;29760;29158;47.8121478804,-4.34003367039;Penmarch;29.0;Finistère;;;2020.0;6.0;;15/06/2019;15/06/2019
Salon Saint-Maur en poche;Île-de-France;Livre et littérature;Poche;94;Annuelle;06 (juin);www.saintmaurenpoche.com;HK031;ST MAUR DES FOSSES;;10.0;15/06/2019;16/06/2019;01/01/2009;94100;94068;48.7990677797,2.49386450452;ST MAUR DES FOSSES;94.0;Val-de-Marne;;11.0;0.0;6.0;;15/06/2019;16/06/2019
ABADIE FESTIVAL MUSIQUE;Provence-Alpes-Côte d'Azur;Musiques actuelles;Musiques amplifiées ou électroniques;6;;06 (juin);;MD042;NICE;;;15/06/2019;16/06/2019;;6100;6088;43.7119992661,7.23826889465;NICE;6.0;Alpes-Maritimes;;;2020.0;6.0;;15/06/2019;16/06/2019
Festival Camping (Pantin);Île-de-France;Danse;Danse contemporaine;93;Annuelle;06 (juin);https://www.cnd.fr/fr/page/33-camping;HF010;PANTIN;;4.0;17/06/2019;28/06/2019;01/01/2015;93500;93055;48.8983093876,2.40872147475;PANTIN;93.0;Seine-Saint-Denis;;5.0;0.0;6.0;;17/06/2019;28/06/2019
Festival International du Livre d'Art et du Film (FILAF);Occitanie;Transdisciplinaire;;66;Annuelle;06 (juin);https://www.filaf.com/;KA010;PERPIGNAN;;8.0;17/06/2019;23/06/2019;01/01/2011;66000;66136;42.6965954131,2.89936953979;PERPIGNAN;66.0;Pyrénées-Orientales;;9.0;0.0;6.0;;17/06/2019;23/06/2019
Le Mans fait son Cirque;Pays de la Loire;Cirque et Arts de la rue;Cirque;72;;06 (juin);http://www.lemansfaitsoncirque.fr;LM008;LE MANS;;;18/06/2019;30/06/2019;;72000;72181;47.9885256718,0.200030493539;LE MANS;72.0;Sarthe;;;2020.0;6.0;;;
FLANERIES MUSICALES DE REIMS;Grand Est;Musiques actuelles;Jazz, blues et musiques improvisées;51;Annuelle;06 (juin);http://www.flaneriesreims.com;FD023;REIMS;;29.0;19/06/2019;11/07/2019;01/01/1990;51100;51454;49.2514906066,4.0402302322;REIMS;51.0;Marne;;30.0;0.0;6.0;;20/06/2018;12/07/2018
TAMAZGHA;Provence-Alpes-Côte d'Azur;Musiques actuelles;Musiques traditionnelles et du monde;13;Annuelle;06 (juin);www.festivaltamazgha.org;MD999;MARSEILLE;;13.0;19/06/2019;22/06/2019;01/01/2006;13001;13201;43.2999009436,5.38227869795;MARSEILLE 01;13.0;Bouches-du-Rhône;;14.0;0.0;6.0;;22/06/2018;23/06/2018
MONTICULE FESTIVAL;Occitanie;Musiques actuelles;;46;;06 (juin);www.monticulefestival.com;KD230;ST Jean de Laur;;;19/06/2019;23/06/2019;;46260;46270;44.4301259055,1.83118318259;ST Jean de Laur;46.0;Lot;;;2020.0;6.0;;19/06/2019;23/06/2019
FESTIVAL 36H DE SAINT EUSTACHE;Île-de-France;Musiques actuelles;;75;Annuelle;06 (juin);http://36h-saint-eustache.com;HD029;PARIS;;14.0;20/06/2019;21/06/2019;01/01/2005;75001;75101;48.8626304852,2.33629344655;PARIS 01;75.0;Paris;;15.0;0.0;6.0;;20/06/2018;21/06/2018
Les Escapades Musicales;Nouvelle-Aquitaine;Musiques classiques;;33;;06 (juin);http://www.lesescapadesmusicales.com/;JE011;ARCACHON;;;20/06/2019;20/07/2019;01/01/2009;33120;33009;44.6529002838,-1.17429790933;ARCACHON;33.0;Gironde;;11.0;0.0;6.0;;20/06/2018;21/07/2018
FESTIVAL ESTIVAL DE TRELAZE;Pays de la Loire;Musiques actuelles;Musiques amplifiées ou électroniques;49;Annuelle;06 (juin);http://www.trelaze.fr/;LD068;TRELAZE;;23.0;20/06/2019;31/08/2019;01/01/1996;49800;49353;47.451357179,-0.473458788346;TRELAZE;49.0;Maine-et-Loire;;24.0;0.0;6.0;;23/06/2018;01/09/2018
Solidays;Île-de-France;Musiques actuelles;;75;Annuelle;06 (juin);www.solidays.com;HD012;PARIS;;20.0;21/06/2019;23/06/2019;01/01/1999;75001;75101;48.8626304852,2.33629344655;PARIS 01;75.0;Paris;;21.0;0.0;6.0;;22/06/2018;24/06/2018
MINUIT AVANT LA NUIT;Hauts-de-France;Musiques actuelles;;80;;06 (juin);;;AMIENS;;;21/06/2019;23/06/2019;;80000;80021;49.9009532186,2.29007445539;AMIENS;80.0;Somme;;;2020.0;6.0;;22/06/2018;24/06/2018
Hellfest;Pays de la Loire;Musiques actuelles;Musiques amplifiées ou électroniques;44;Annuelle;06 (juin);www.hellfest.fr;LD011;Clisson;;13.0;21/06/2019;23/06/2019;01/01/2006;44190;44043;47.097896998,-1.27042598067;Clisson;44.0;Loire-Atlantique;;14.0;0.0;6.0;;21/06/2019;23/06/2019
CONCERTS DU PALAIS IDÉAL;Auvergne-Rhône-Alpes;Musiques actuelles;;26;;06 (juin);www.facteurcheval.com;AD071;HAUTERIVES;;;21/06/2019;04/07/2019;;26390;26148;45.2531318961,5.03890051162;HAUTERIVES;26.0;Drôme;;;2020.0;6.0;;;
QUAND JE PENSE A FERNANDE;Occitanie;Musiques actuelles;Chanson;34;Annuelle;06 (juin);www.festival-fernande.com;KD232;SETE;;17.0;22/06/2019;26/06/2019;01/01/2002;34200;34301;43.3917705831,3.64705148296;SETE;34.0;Hérault;;18.0;0.0;6.0;;23/06/2018;27/06/2018
MUSICAVES;Bourgogne-Franche-Comté;Musiques actuelles;;71;Annuelle;06 (juin);www.lesmusicaves.fr;BD092;MELLECEY;;21.0;26/06/2019;30/06/2019;01/01/1998;71640;71292;46.8104311793,4.7565417637;MELLECEY;71.0;Saône-et-Loire;;22.0;0.0;6.0;;27/06/2018;01/07/2018
Festival de Bellac;Nouvelle-Aquitaine;Pluridisciplinaire Spectacle vivant;;87;Annuelle;06 (juin);www.theatre-du-cloitre.fr;JB024;BELLAC;;66.0;26/06/2019;30/06/2019;01/01/1953;87300;87011;46.1049122554,1.04116467219;BELLAC;87.0;Haute-Vienne;;67.0;0.0;7.0;;04/07/2018;08/07/2018
EUROPAVOX;Auvergne-Rhône-Alpes;Musiques actuelles;;63;Annuelle;06 (juin);www.europavox.com;AD122;CLERMONT FERRAND;;13.0;27/06/2019;30/06/2019;01/01/2006;63100;63113;45.7856492991,3.11554542903;CLERMONT FERRAND;63.0;Puy-de-Dôme;;14.0;0.0;6.0;;29/06/2018;01/07/2018
PLAGE DE ROCK;Provence-Alpes-Côte d'Azur;Musiques actuelles;Musiques amplifiées ou électroniques;83;Annuelle;06 (juin);http://www.plagederock.com;MD182;Grimaud;;12.0;27/06/2019;08/08/2019;01/01/2007;83310;83068;43.2820282501,6.53303224114;Grimaud;83.0;Var;;13.0;0.0;6.0;;19/07/2018;16/08/2018
JAZZ AND CHEESE A MONTBARDON;Provence-Alpes-Côte d'Azur;Musiques actuelles;Jazz, blues et musiques improvisées;5;Annuelle;06 (juin);www.jazzandcheese.fr;MD021;Château Ville Vieille;;8.0;27/06/2019;30/06/2019;01/01/2011;5350;5038;44.7677289666,6.8000656504;Château Ville Vieille;5.0;Hautes-Alpes;;9.0;0.0;6.0;;;
UN SINGE EN ETE;Pays de la Loire;Musiques actuelles;Musiques amplifiées ou électroniques;53;Annuelle;06 (juin);http://www.unsingeenete.com;LD079;Mayenne;;4.0;28/06/2019;29/08/2019;01/01/2015;53100;53147;48.3074609449,-0.614799950799;Mayenne;53.0;Mayenne;;5.0;0.0;6.0;;10/06/2018;30/08/2018
NUITS MÉTIS;Provence-Alpes-Côte d'Azur;Musiques actuelles;Musiques traditionnelles et du monde;13;Annuelle;06 (juin);www.nuitsmetis.org;MD166;MIRAMAS;;25.0;28/06/2019;29/06/2019;01/01/1994;13140;13063;43.5842134124,5.01384348574;MIRAMAS;13.0;Bouches-du-Rhône;Lauréat en novembre 2018 du Prix de la Diversité culturelle, remisv par la Coalition française pour la diversité culturelle;26.0;0.0;6.0;;22/06/2018;24/06/2018
Musique en Omois;Hauts-de-France;Musiques actuelles;;2;Annuelle;06 (juin);http://www.musique-en-omois.com;GD094;CHATEAU THIERRY;Plusieurs communes de la Communautés de Communes du Sud de l’Aisne;35.0;28/06/2019;02/08/2019;01/01/1984;2400;2168;49.0564070801,3.38160004843;CHATEAU THIERRY;2.0;Aisne;;36.0;0.0;6.0;;29/06/2018;03/08/2018
ROCK IN EVREUX;Normandie;Musiques actuelles;Musiques amplifiées ou électroniques;27;Annuelle;06 (juin);http://www.rockinevreux.org;ID017;Evreux;;2.0;28/06/2019;30/06/2019;01/01/2017;27000;27229;49.02015421,1.14164412464;Evreux;27.0;Eure;;3.0;0.0;6.0;;29/06/2018;30/06/2018
Les Z’Arpètes;Nouvelle-Aquitaine;Cirque et Arts de la rue;Arts de la rue;33;Annuelle;06 (juin);http://www.leszarpetes.com;JM007;Villenave d’Ornon;;16.0;28/06/2019;29/06/2019;01/01/2003;33140;33550;44.773185218,-0.558212256384;VILLENAVE D ORNON;33.0;Gironde;;17.0;0.0;6.0;;29/06/2018;30/06/2018
CATALPA FESTIVAL;Bourgogne-Franche-Comté;Musiques actuelles;Musiques amplifiées ou électroniques;89;Annuelle;06 (juin);http://www.lesilex.fr/;BD010;AUXERRE;;7.0;28/06/2019;30/06/2019;01/01/2012;89000;89024;47.793488225,3.58168281761;AUXERRE;89.0;Yonne;;8.0;0.0;6.0;;28/06/2019;30/06/2019
RENCONTRES ET RACINES;Bourgogne-Franche-Comté;Musiques actuelles;;25;Annuelle;06 (juin);http://rencontresetracines.audincourt.fr/;BD088;AUDINCOURT;;29.0;28/06/2019;30/06/2019;01/01/1990;25400;25031;47.4811676376,6.85493983157;AUDINCOURT;25.0;Doubs;;30.0;0.0;6.0;;28/06/2019;30/06/2019
FETE DU TRAVAILLEUR ALPIN;Auvergne-Rhône-Alpes;Musiques actuelles;;38;Annuelle;06 (juin);https://fete.travailleur-alpin.fr/;AD149;FONTAINE;;5.0;28/06/2019;30/06/2019;01/01/2014;38600;38169;45.1930502486,5.67763066542;FONTAINE;38.0;Isère;;6.0;0.0;6.0;;;
MUSIC EN CIEL;Auvergne-Rhône-Alpes;Musiques actuelles;;69;Annuelle;06 (juin);http://www.ville-saint-priest.fr/;AD999;ST PRIEST;;4.0;28/06/2019;30/06/2019;01/01/2015;69800;69290;45.701466556,4.94882071665;ST PRIEST;69.0;Rhône;;5.0;0.0;6.0;;;
HANDPAN FESTIVAL;Occitanie;Musiques actuelles;Musiques traditionnelles et du monde;34;Annuelle;06 (juin);http://www.festivalhandpan.com;KD999;Meze;;5.0;28/06/2019;30/06/2019;01/01/2014;34140;34157;43.4292981138,3.57774572973;Meze;34.0;Hérault;;6.0;0.0;6.0;;;
AUZON LE BLUES;Provence-Alpes-Côte d'Azur;Musiques actuelles;Jazz, blues et musiques improvisées;84;Annuelle;06 (juin);http://www.auzon-le-blues-carpentras.com;MD137;CARPENTRAS;;22.0;28/06/2019;28/06/2019;01/01/1997;84200;84031;44.0593802565,5.06134844776;CARPENTRAS;84.0;Vaucluse;;23.0;0.0;6.0;;;
LES MASCARETS;Normandie;Pluridisciplinaire Spectacle vivant;;27;Annuelle;06 (juin);https://www.ville-pont-audemer.fr/culture/festival-des-mascarets/;IB005;PONT AUDEMER;;23.0;29/06/2019;13/07/2019;01/01/1996;27500;27467;49.3463869637,0.533874716445;PONT AUDEMER;27.0;Eure;;24.0;0.0;6.0;;30/06/2018;13/07/2018
FESTIVAL ECRETTEVILLE LES BAONS;Normandie;Musiques actuelles;Musiques amplifiées ou électroniques;76;Annuelle;06 (juin);https://lestroubadoursalarue.fr/;ID052;ECRETTEVILLE LES BAONS;;8.0;29/06/2019;29/06/2019;01/01/2011;76190;76225;49.6297955951,0.67254078576;ECRETTEVILLE LES BAONS;76.0;Seine-Maritime;;9.0;0.0;6.0;;30/06/2018;30/06/2018
Festival Les Carnets;Provence-Alpes-Côte d'Azur;Livre et littérature;Arts du carnet;13;Annuelle;06 (juin);https://festivalcarnets.com/;MK012;LA ROQUE D ANTHERON;;3.0;29/06/2019;30/06/2019;01/01/2016;13640;13084;43.7176409517,5.30157633559;LA ROQUE D ANTHERON;13.0;Bouches-du-Rhône;;4.0;0.0;6.0;;29/06/2019;30/06/2019
Éclats de Cirque;Auvergne-Rhône-Alpes;Cirque et Arts de la rue;Cirque;69;;06 (juin);http://www.ecoledecirquedelyon.com;AM008;LYON;;;29/06/2019;30/06/2019;;69001;69381;45.7699284397,4.82922464978;LYON 01;69.0;Rhône;;;2020.0;6.0;;;
Festival Arte Flamenco;Nouvelle-Aquitaine;Musiques actuelles;Musiques traditionnelles et du monde;40;;07 (juillet);https://arteflamenco.landes.fr/;JD109;MONT DE MARSAN;;;02/07/2019;06/07/2019;01/01/1988;40000;40192;43.899361404,-0.490722577455;MONT DE MARSAN;40.0;Landes;;32.0;0.0;7.0;;02/07/2018;07/07/2018
FESTIVAL DE CARCASSONNE;Occitanie;Pluridisciplinaire Musique;;11;;07 (juillet);www.festivaldecarcassonne.fr;KC002;CARCASSONNE;;;02/07/2019;31/07/2019;01/01/2008;11000;11069;43.2093798444,2.34398855385;CARCASSONNE;11.0;Aude;;12.0;0.0;7.0;;15/07/2018;31/07/2018
Festival de la correspondance Grignan;Auvergne-Rhône-Alpes;Livre et littérature;;26;;07 (juillet);http://www.grignan-festivalcorrespondance.com/;AK004;GRIGNAN;;;02/07/2019;06/07/2019;;26230;26146;44.4369175751,4.90180143483;GRIGNAN;26.0;Drôme;;;2020.0;7.0;;;
HAUTS DE GARONNE;Nouvelle-Aquitaine;Musiques actuelles;Musiques amplifiées ou électroniques;33;Annuelle;07 (juillet);www.lerocherdepalmer.fr;JD085;CENON;;26.0;03/07/2019;12/07/2019;01/01/1993;33150;33119;44.8548325665,-0.521018807062;CENON;33.0;Gironde;;27.0;0.0;7.0;;04/07/2018;13/07/2018
Beauregard;Normandie;Musiques actuelles;Musiques amplifiées ou électroniques;14;Annuelle;07 (juillet);www.festivalbeauregard.com;ID009;Herouville ST Clair;;10.0;04/07/2019;07/07/2019;01/01/2009;14200;14327;49.2073560619,-0.331022626025;Herouville ST Clair;14.0;Calvados;;11.0;0.0;7.0;;06/07/2018;09/07/2018
Festival d’Avignon;Provence-Alpes-Côte d'Azur;Pluridisciplinaire Spectacle vivant;;84;Annuelle;07 (juillet);www.festival-avignon.com;MB014;AVIGNON;;72.0;04/07/2019;23/07/2019;01/01/1947;84140;84007;43.9352448339,4.84071572505;AVIGNON;84.0;Vaucluse;;73.0;0.0;7.0;;04/07/2019;23/07/2019
La Pamparina;Auvergne-Rhône-Alpes;Musiques actuelles;Musiques amplifiées ou électroniques;63;Annuelle;07 (juillet);www.pamparinalefestival.com;AD253;THIERS;;21.0;05/07/2019;07/07/2019;01/01/1998;63300;63430;45.8620554106,3.53945258847;THIERS;63.0;Puy-de-Dôme;;22.0;0.0;7.0;;06/07/2018;08/07/2018
PLANE R FEST;Auvergne-Rhône-Alpes;Musiques actuelles;Musiques amplifiées ou électroniques;69;Annuelle;07 (juillet);http://www.planerfest.com;AD293;Colombier Saugnieu;;7.0;05/07/2019;06/07/2019;01/01/2012;69124;69299;45.7178013267,5.10337456661;Colombier Saugnieu;69.0;Rhône;;8.0;0.0;7.0;;06/07/2018;07/07/2018
LA TAWA;Auvergne-Rhône-Alpes;Musiques actuelles;;42;Annuelle;07 (juillet);http://latawa.fr/;AD300;PLANFOY;;8.0;05/07/2019;06/07/2019;01/01/2011;42660;42172;45.3861155626,4.431442219;PLANFOY;42.0;Loire;;9.0;0.0;7.0;;06/07/2018;07/07/2018
FESTIDREUZ;Bretagne;Musiques actuelles;Chanson;29;Annuelle;07 (juillet);http://www.festidreuz.fr/;CD095;FOUESNANT;;15.0;05/07/2019;06/07/2019;01/01/2004;29170;29058;47.8783078862,-4.01834628474;FOUESNANT;29.0;Finistère;;16.0;0.0;7.0;;06/07/2018;07/07/2018
FESTIVAL ART ET LUMIERE;Grand Est;Musiques actuelles;;67;Annuelle;07 (juillet);http://acsl-furdenheim.org;FD057;Furdenheim;;35.0;05/07/2019;07/07/2019;01/01/1984;67117;67150;48.6105637831,7.55789773047;Furdenheim;67.0;Bas-Rhin;;36.0;0.0;7.0;;06/07/2018;08/07/2018
Rues & Vous;Nouvelle-Aquitaine;Cirque et Arts de la rue;Arts de la rue;33;Annuelle;07 (juillet);http://www.festivalruesetvous.net;JM020;Rions;;13.0;05/07/2019;07/07/2019;01/01/2006;33410;33355;44.6684320932,-0.336471805521;RIONS;33.0;Gironde;Festival des arts de la rue, théâtre, musique, danse, cirque, installations.;14.0;0.0;7.0;;06/07/2018;08/07/2018
Festival Résistances - Foix;Occitanie;Cinéma et audiovisuel;;9;;07 (juillet);http://festival-resistances.fr;KJ037;FOIX;;;05/07/2019;13/07/2019;01/01/1998;9000;9122;42.9658502274,1.61037495894;FOIX;9.0;Ariège;;22.0;0.0;7.0;;06/07/2018;14/07/2018
Festival 48ème de Rue;Occitanie;Cirque et Arts de la rue;Arts de la rue;48;Annuelle;07 (juillet);www.48emederue.org;KM019;MENDE;;13.0;05/07/2019;07/07/2019;01/01/2006;48000;48095;44.5294508592,3.48086881176;MENDE;48.0;Lozère;;14.0;0.0;7.0;;06/07/2018;08/07/2018
FETE DE LA CONQUE;Provence-Alpes-Côte d'Azur;Musiques actuelles;Musiques traditionnelles et du monde;6;;07 (juillet);http://locepon.pagesperso-orange.fr/laconque/laconque.htm;MD047;VENCE;;;05/07/2019;06/07/2019;;6140;6157;43.7384640641,7.10194436087;VENCE;6.0;Alpes-Maritimes;;;2020.0;7.0;;07/07/2018;07/07/2018
POINTU FESTIVAL;Provence-Alpes-Côte d'Azur;Musiques actuelles;;83;Annuelle;07 (juillet);http://www.pointufestival.fr/;MD168;SIX FOURS LES PLAGES;;4.0;05/07/2019;07/07/2019;01/01/2015;83140;83129;43.086818602,5.82924464931;SIX FOURS LES PLAGES;83.0;Var;;5.0;0.0;7.0;;07/07/2018;08/07/2018
FETE DE L'EUROPE;Centre-Val de Loire;Transdisciplinaire;;45;Annuelle;07 (juillet);http://www.amilly.com;DA002;AMILLY;;14.0;05/07/2019;07/07/2019;01/01/2005;45200;45004;47.9867116879,2.78217519303;AMILLY;45.0;Loiret;;15.0;0.0;7.0;;05/07/2019;07/07/2019
FESTIVAL AVIGNON OFF;Provence-Alpes-Côte d'Azur;Pluridisciplinaire Spectacle vivant;;84;Annuelle;07 (juillet);www.avignonleoff.com;MB015;AVIGNON;;53.0;05/07/2019;28/07/2019;01/01/1966;84140;84007;43.9352448339,4.84071572505;AVIGNON;84.0;Vaucluse;Président : Pierre Beffeyte, depuis le 21/11/2016;54.0;0.0;7.0;;05/07/2019;28/07/2019
CALVI ON THE ROCKS;Corse;Musiques actuelles;Musiques amplifiées ou électroniques;20;Annuelle;07 (juillet);www.calviontherocks.com;ED005;CALVI;;16.0;05/07/2019;10/07/2019;01/01/2003;20260;2B050;42.5454874755,8.7595487404;CALVI;;Haute-Corse;;17.0;0.0;7.0;;;
PARIS JAZZ FESTIVAL;Île-de-France;Musiques actuelles;Jazz, blues et musiques improvisées;75;Annuelle;07 (juillet);www.parisjazzfestival.paris.fr;HD211;PARIS;;25.0;06/07/2019;28/07/2019;01/01/1994;75001;75101;48.8626304852,2.33629344655;PARIS 01;75.0;Paris;;26.0;0.0;7.0;;30/06/2018;22/07/2018
CAP FERRET MUSIC FESTIVAL;Nouvelle-Aquitaine;Musiques classiques;;33;Annuelle;07 (juillet);www.ferretfestival.com;JE017;CAP FERRET;;8.0;06/07/2019;13/07/2019;01/01/2011;33950;33236;44.7609440223,-1.19293697437;LEGE CAP FERRET;33.0;Gironde;;9.0;0.0;7.0;;07/07/2018;13/07/2018
LES NUITS DE ROBINSON MANDELIEU;Provence-Alpes-Côte d'Azur;Pluridisciplinaire Spectacle vivant;Danse, musique, théâtre;6;Annuelle;07 (juillet);http://www.mandelieu.fr/actualites-mandelieu/manifestations-mandelieu_nuits-robinson.php;MB999;MANDELIEU LA NAPOULE;;;06/07/2019;25/08/2019;01/01/2012;6210;6079;43.5380510468,6.91808936542;MANDELIEU LA NAPOULE;6.0;Alpes-Maritimes;;8.0;0.0;;;;
JAZZ A L'AMIRAUTE;Bretagne;Musiques actuelles;Jazz, blues et musiques improvisées;22;Annuelle;07 (juillet);https://www.jazzalamiraute.fr/;CD130;Pleneuf Val Andre;;23.0;09/07/2019;27/08/2019;01/01/1996;22370;22186;48.5840054611,-2.53016887694;Pleneuf Val Andre;22.0;Côtes-d'Armor;;24.0;0.0;7.0;;01/07/2018;31/08/2018
Festival de la Vézère;Nouvelle-Aquitaine;Musiques classiques;;19;Annuelle;07 (juillet);www.festival-vezere.com;JE006;Brive la Gaillarde;;38.0;09/07/2019;22/08/2019;01/01/1981;19100;19031;45.1435830664,1.51936836063;BRIVE LA GAILLARDE;19.0;Corrèze;;39.0;0.0;7.0;;05/07/2018;23/08/2018
FESTIVAL CUBAIN BAYAMO;Provence-Alpes-Côte d'Azur;Musiques actuelles;Musiques traditionnelles et du monde;83;Annuelle;07 (juillet);http://www.bayamo.fr/;MD113;LA SEYNE SUR MER;;12.0;09/07/2019;21/07/2019;01/01/2007;83500;83126;43.0880294967,5.87089841754;LA SEYNE SUR MER;83.0;Var;;13.0;0.0;7.0;;13/07/2018;21/07/2018
Les Francofolies de La Rochelle;Nouvelle-Aquitaine;Musiques actuelles;;17;Annuelle;07 (juillet);http://www.francofolies.fr/;JD016;LA ROCHELLE;;34.0;10/07/2019;14/07/2019;01/01/1985;17000;17300;46.1620643972,-1.17465702836;LA ROCHELLE;17.0;Charente-Maritime;;35.0;0.0;7.0;;11/07/2018;15/07/2018
ATOUT ARTS;Nouvelle-Aquitaine;Musiques actuelles;Musiques traditionnelles et du monde;79;Annuelle;07 (juillet);www.theatre-thouars.com;JD162;THOUARS;;26.0;10/07/2019;13/07/2019;01/01/1993;79100;79329;46.9828628407,-0.199581467021;THOUARS;79.0;Deux-Sèvres;;27.0;0.0;7.0;;11/07/2018;14/07/2018
Hop Hop Hop;Grand Est;Cirque et Arts de la rue;Arts de la rue;57;Annuelle;07 (juillet);http://hophophop.eu/;FM009;METZ;;9.0;11/07/2019;14/07/2019;01/01/2010;57070;57463;49.1081133279,6.1955245421;METZ;57.0;Moselle;;10.0;0.0;7.0;;12/07/2018;13/07/2018
Dub Camp Festival;Pays de la Loire;Musiques actuelles;Musiques amplifiées ou électroniques;44;Annuelle;07 (juillet);www.dubcampfestival.com;LD015;Joue Sur Erdre;;5.0;11/07/2019;14/07/2019;01/01/2014;44440;44077;47.5092437538,-1.42943494948;Joue Sur Erdre;44.0;Loire-Atlantique;;6.0;0.0;7.0;;19/07/2018;22/07/2018
Jazz à Sète;Occitanie;Musiques actuelles;Jazz, blues et musiques improvisées;34;Annuelle;07 (juillet);www.jazzasete.com;KD115;SETE;;22.0;12/07/2019;20/07/2019;01/01/1997;34200;34301;43.3917705831,3.64705148296;SETE;34.0;Hérault;;23.0;0.0;7.0;;12/07/2018;20/07/2018
LES NUITS BRESSANES;Bourgogne-Franche-Comté;Musiques actuelles;;71;Annuelle;07 (juillet);http://www.bresse-bourguignonne.com;BD095;Louhans;;8.0;12/07/2019;13/07/2019;01/01/2011;71500;71263;46.6351883548,5.23839292789;Louhans;71.0;Saône-et-Loire;;9.0;0.0;7.0;;13/07/2018;14/07/2018
Les Eclectiques;Hauts-de-France;Cirque et Arts de la rue;Arts de la rue;62;Annuelle;07 (juillet);http://www.festival-leseclectiques.fr/;GM009;Carvin;;14.0;12/07/2019;14/07/2019;01/01/2005;62220;62215;50.4895185959,2.94858062937;Carvin;62.0;Pas-de-Calais;;15.0;0.0;7.0;;13/07/2018;15/07/2018
FEST IN RIBERAC;Nouvelle-Aquitaine;Musiques actuelles;Musiques amplifiées ou électroniques;24;Annuelle;07 (juillet);https://www.festin.org;JD064;RIBERAC;;3.0;12/07/2019;13/07/2019;01/01/2016;24600;24352;45.2457883325,0.334782848632;RIBERAC;24.0;Dordogne;;4.0;0.0;7.0;;13/07/2018;14/07/2018
Paris l'été;Île-de-France;Pluridisciplinaire Spectacle vivant;;75;Annuelle;07 (juillet);http://www.parislete.fr/;HB003;PARIS;Bobigny;2.0;12/07/2019;03/08/2019;01/01/2017;75001;75101;48.8626304852,2.33629344655;PARIS 01;75.0;Paris;;3.0;0.0;7.0;;16/07/2018;04/08/2018
ROCK AND ROLL CIRCUS FESTIVAL;Nouvelle-Aquitaine;Musiques actuelles;Musiques amplifiées ou électroniques;47;;07 (juillet);http://rockandrollcircusfestival.fr/;JD999;Villeneuve Sur Lot;;;12/07/2019;14/07/2019;;47300;47323;44.4251092866,0.742526167632;Villeneuve Sur Lot;47.0;Lot-et-Garonne;;;2020.0;7.0;;;
LES ESCALES MUSICALES LATINES;Occitanie;Musiques actuelles;;66;;07 (juillet);https://www.canetenroussillon.fr/fetes-et-manifestations/escales-musicales-latines/;KD999;CANET EN ROUSSILLON;;;12/07/2019;23/08/2019;;66140;66037;42.6841288047,3.01161744752;CANET EN ROUSSILLON;66.0;Pyrénées-Orientales;Tous les vendredis de l'été;;2020.0;7.0;;;
ROOTSTOCK FESTIVAL A POMMARD;Bourgogne-Franche-Comté;Musiques actuelles;A classer musiques actuelles;21;Annuelle;07 (juillet);http://rootstockburgundy.com;BD999;Pommard;;2.0;13/07/2019;14/07/2019;01/01/2017;21630;21492;47.0136884402,4.79517699243;Pommard;21.0;Côte-d'Or;;3.0;0.0;7.0;;;
FESTIVAL INTERNATIONAL DE L’ABBAYE DE SYLVANÈS;Occitanie;Musiques classiques;Baroque et ancien;12;Annuelle;07 (juillet);www.sylvanes.com;KE006;Sylvanes;;41.0;14/07/2019;25/08/2019;01/01/1978;12360;12274;43.8251925157,2.95288652879;Sylvanes;12.0;Aveyron;;42.0;0.0;7.0;;08/07/2018;26/08/2018
FESTIVAL DE LA CHANSON FRANCAISE DE LORMES;Bourgogne-Franche-Comté;Musiques actuelles;Chanson;58;Annuelle;07 (juillet);http://festivaldelormes.canalblog.com;BD018;LORMES;;23.0;15/07/2019;17/07/2019;01/01/1996;58140;58145;47.2894645643,3.82491613793;LORMES;58.0;Nièvre;;24.0;0.0;7.0;;13/07/2018;15/07/2018
M(ART)DIS DE RIVIER ALP;Auvergne-Rhône-Alpes;Musiques actuelles;;73;Annuelle;07 (juillet);https://www.instinctaf.net;AD999;Les Echelles;;3.0;15/07/2019;15/08/2019;01/01/2016;73360;73105;45.4514870099,5.74305650824;Les Echelles;73.0;Savoie;;4.0;0.0;7.0;;;
RENC'ARTS À PORNICHET;Pays de la Loire;Musiques actuelles;;44;Annuelle;07 (juillet);www.rencarts.fr;LD133;PORNICHET;;23.0;16/07/2019;13/08/2019;01/01/1996;44380;44132;47.2615791665,-2.31415650821;PORNICHET;44.0;Loire-Atlantique;;24.0;0.0;7.0;;17/07/2018;14/08/2018
LES GRIMALDINES;Provence-Alpes-Côte d'Azur;Musiques actuelles;Musiques traditionnelles et du monde;83;Annuelle;07 (juillet);www.les-grimaldines.com;MD108;Grimaud;;16.0;16/07/2019;06/08/2019;01/01/2003;83310;83068;43.2820282501,6.53303224114;Grimaud;83.0;Var;;17.0;0.0;7.0;;17/07/2018;07/08/2018
LES ENFANTS DU JAZZ FESTIVAL DE JAZZ DE BARCELONNETTE;Provence-Alpes-Côte d'Azur;Musiques actuelles;Jazz, blues et musiques improvisées;4;Annuelle;07 (juillet);www.barcelonnette.com;MD011;BARCELONNETTE;;24.0;16/07/2019;28/07/2019;01/01/1995;4400;4019;44.3785614205,6.65215089713;BARCELONNETTE;4.0;Alpes-de-Haute-Provence;;25.0;0.0;7.0;;26/07/2018;28/07/2018
NUITS MUSICALES D'UZÈS;Occitanie;Musiques classiques;;30;Annuelle;07 (juillet);nuitsmusicalesuzes.org;;UZES;;;17/07/2019;29/07/2019;01/01/1971;30700;30334;44.0136590402,4.41600031556;UZES;30.0;Gard;;49.0;0.0;7.0;;;
FESTIVAL NATALA;Grand Est;Transdisciplinaire;;68;Annuelle;07 (juillet);https://www.hiero.fr/festival-natala/;FA008;COLMAR;;;18/07/2019;21/07/2019;;68000;68066;48.1099405789,7.38468690323;COLMAR;68.0;Haut-Rhin;Cinéma et concerts en plein air;;2020.0;7.0;;19/07/2018;22/07/2018
Rock Ici Mômes;Pays de la Loire;Musiques actuelles;;72;Annuelle;07 (juillet);www.lentracte-sable.fr;LD095;SABLE SUR SARTHE;;4.0;18/07/2019;18/07/2019;01/01/2015;72300;72264;47.8378265007,-0.354705885665;SABLE SUR SARTHE;72.0;Sarthe;;5.0;0.0;7.0;;19/07/2018;19/07/2018
Vieilles Charrues;Bretagne;Musiques actuelles;;29;Annuelle;07 (juillet);www.vieillescharrues.asso.fr;CD154;CARHAIX PLOUGER;;27.0;18/07/2019;21/07/2019;01/01/1992;29270;29024;48.2687578823,-3.56626363851;CARHAIX PLOUGER;29.0;Finistère;;28.0;0.0;7.0;;18/07/2019;21/07/2019
"Rencontres-Promenades ""Histoires de Passages…""";Nouvelle-Aquitaine;Transdisciplinaire;;19;Annuelle;07 (juillet);histoiresdepassages.com;;Argentat sur Dordogne;toutes les communes de la communauté de communes Xaintrie Val'Dordogne;4.0;18/07/2019;21/07/2019;01/01/2015;19400;19010;45.1011667634,1.93436308377;Argentat sur Dordogne;19.0;Corrèze;4 jours de promenade collective gratuite à travers plus de 50 événements valorisant les savoirs, les savoir-faire et la création localement et globalement.;5.0;0.0;7.0;;18/07/2019;21/07/2019
Errobiko Festibala;Nouvelle-Aquitaine;Pluridisciplinaire Musique;;64;Annuelle;07 (juillet);www.errobikofestibala.fr;JC003;BAYONNE;;23.0;19/07/2019;22/07/2019;01/01/1996;64100;64102;43.4922254016,-1.46607674358;BAYONNE;64.0;Pyrénées-Atlantiques;;24.0;0.0;7.0;;19/07/2018;22/07/2018
FESTIVAL JEAN FERRAT;Auvergne-Rhône-Alpes;Musiques actuelles;Chanson;7;Annuelle;07 (juillet);www.jean-ferrat-antraigues.com;AD202;ANTRAIGUES;;8.0;19/07/2019;21/07/2019;01/01/2011;7530;7011;44.7393183247,4.35517589387;ANTRAIGUES;7.0;Ardèche;;9.0;0.0;7.0;;20/07/2018;22/07/2018
Fête des Sottises !;Nouvelle-Aquitaine;Cirque et Arts de la rue;Arts de la rue;64;Annuelle;07 (juillet);http://lacaze.aux.sottises.free.fr/saison_festival.html;JM013;Salies de Bearn;;10.0;19/07/2019;21/07/2019;01/01/2009;64270;64499;43.4683239252,-0.917789447505;Salies de Bearn;64.0;Pyrénées-Atlantiques;;11.0;0.0;7.0;;20/07/2018;22/07/2018
LES ZENDIMANCHES;Pays de la Loire;Pluridisciplinaire Spectacle vivant;;44;Annuelle;07 (juillet);www.spectacles-en-retz.com;LB018;ST Hilaire de Chaleons;;20.0;19/07/2019;21/07/2019;01/01/1999;44680;44164;47.0958948849,-1.87983637967;ST Hilaire de Chaleons;44.0;Loire-Atlantique;;21.0;0.0;7.0;;20/07/2018;22/07/2018
FESTIVAL MELUSINE;Bourgogne-Franche-Comté;Musiques classiques;;89;Annuelle;07 (juillet);https://lesaulce.fr/actualites/festival/;BE015;Escolives Ste Camille;;5.0;19/07/2019;21/07/2019;01/01/2014;89290;89155;47.7225909756,3.60249190307;Escolives Ste Camille;89.0;Yonne;;6.0;0.0;7.0;;19/07/2019;21/07/2019
LE CHIEN JAUNE FESTIVAL DU POLAR DE CONCARNEAU;Bretagne;Livre et littérature;Littérature policière;29;Annuelle;07 (juillet);http://www.lechienjaune.fr/;CK001;CONCARNEAU;;24.0;19/07/2019;21/07/2019;01/01/1995;29900;29039;47.8966260003,-3.90716871821;CONCARNEAU;29.0;Finistère;;25.0;0.0;7.0;;19/07/2019;21/07/2019
NIGHT'N BULLES;Pays de la Loire;Transdisciplinaire;Jazz et vin;49;Annuelle;07 (juillet);http://www.gratienmeyer.com;LA999;SAUMUR;;11.0;19/07/2019;30/08/2019;01/01/2008;49400;49328;47.2673853525,-0.0830410591988;SAUMUR;49.0;Maine-et-Loire;;12.0;0.0;7.0;;;
NUITS DE LA GUITARE A PATRIMONIO;Corse;Musiques actuelles;;20;Annuelle;07 (juillet);www.festival-guitare-patrimonio.com;ED011;PATRIMONIO;;29.0;20/07/2019;27/07/2019;01/01/1990;20253;2B205;42.7066867042,9.3670488048;PATRIMONIO;;Haute-Corse;;30.0;0.0;7.0;;20/07/2018;27/07/2018
LES FOUS CHANTANTS D'ALES;Occitanie;Musiques actuelles;Chanson;30;Annuelle;07 (juillet);https://www.fouschantants.org/;KD039;ALES;;22.0;20/07/2019;27/07/2019;01/01/1997;30100;30007;44.1250099126,4.08828501262;ALES;30.0;Gard;;23.0;0.0;7.0;;21/07/2018;28/07/2018
Rencontres d’été théâtre & lecture;Normandie;Transdisciplinaire;Théâtre et lecture;14;Annuelle;07 (juillet);www.rencontresdete.fr;IK012;TROUVILLE SUR MER;;17.0;20/07/2019;25/08/2019;01/01/2002;14360;14715;49.3721246762,0.102123470052;TROUVILLE SUR MER;14.0;Calvados;;18.0;0.0;7.0;;20/07/2019;25/08/2019
FESTIVAL DE MUSIQUE DE CHAMBRE DE SAINT PAUL DE VENCE;Provence-Alpes-Côte d'Azur;Musiques classiques;Musique de chambre;6;Annuelle;07 (juillet);http://www.festivalsaintpauldevence.com;ME999;ST PAUL DE VENCE;;8.0;20/07/2019;31/07/2019;01/01/2011;6570;6128;43.6950190291,7.12116951865;ST PAUL DE VENCE;6.0;Alpes-Maritimes;;9.0;0.0;7.0;;;
ARTIST'O CHAMPS;Pays de la Loire;Musiques actuelles;Musiques amplifiées ou électroniques;49;Annuelle;07 (juillet);www.artistochamps.jimdo.com;LD070;VIHIERS;;18.0;21/07/2019;21/07/2019;01/01/2001;49310;49373;47.1373301524,-0.559450064005;VIHIERS;49.0;Maine-et-Loire;;19.0;0.0;7.0;;08/07/2018;08/07/2018
CHOEURS LAURÉATS;Provence-Alpes-Côte d'Azur;Musiques classiques;Lyrique et choral;84;;07 (juillet);www.festivaldeschoeurslaureats.com;ME020;VAISON LA ROMAINE;;;21/07/2019;24/07/2019;;84110;84137;44.247701867,5.06040782309;VAISON LA ROMAINE;84.0;Vaucluse;;;2020.0;7.0;;21/07/2018;26/07/2018
FESTIVAL DU ROCHER;Auvergne-Rhône-Alpes;Musiques actuelles;;26;Annuelle;07 (juillet);http://www.ville-pierrelatte.fr/83-actualites/1335-festival-du-rocher-2;;PIERRELATTE;;;21/07/2019;23/07/2019;01/01/2016;26700;26235;44.3606937732,4.68715113615;PIERRELATTE;26.0;Drôme;;4.0;0.0;7.0;;22/07/2018;23/07/2018
Festival de Cornouaille;Bretagne;Musiques actuelles;Musiques traditionnelles et du monde;29;Annuelle;07 (juillet);http://www.festival-cornouaille.bzh/fr/;CD062;QUIMPER;;;23/07/2019;28/07/2019;01/01/1923;29000;29232;47.9971425162,-4.09111944455;QUIMPER;29.0;Finistère;;97.0;0.0;7.0;;24/07/2018;29/07/2018
Albertville Jazz Festival;Auvergne-Rhône-Alpes;Musiques actuelles;Jazz, blues et musiques improvisées;73;Annuelle;07 (juillet);www.albertvillejazzfestival.com;AD011;ALBERTVILLE;;4.0;23/07/2019;27/07/2019;01/01/2015;73200;73011;45.6683987277,6.40460338643;ALBERTVILLE;73.0;Savoie;Réseau SPEDIDAM;5.0;0.0;7.0;;25/07/2018;29/07/2018
De bouche à oreille à Parthenay;Nouvelle-Aquitaine;Musiques actuelles;Musiques traditionnelles et du monde;79;Annuelle;07 (juillet);http://www.deboucheaoreille.org;JD150;PARTHENAY;;33.0;24/07/2019;27/07/2019;01/01/1986;79200;79202;46.6453493842,-0.233028439198;PARTHENAY;79.0;Deux-Sèvres;;34.0;0.0;7.0;;25/07/2018;28/07/2018
FESTIVAL DE MOUREZE (MOUREZE FAIT SON CIRQUE);Occitanie;Pluridisciplinaire Spectacle vivant;;34;Annuelle;07 (juillet);www.festivaldemoureze.com;KB999;MOUREZE;;15.0;24/07/2019;27/07/2019;01/01/2004;34800;34175;43.6156849322,3.35101426907;MOUREZE;34.0;Hérault;;16.0;0.0;7.0;;;
ZIK ZAC FESTIVAL;Provence-Alpes-Côte d'Azur;Musiques actuelles;Musiques amplifiées ou électroniques;13;Annuelle;07 (juillet);www.zikzac.fr;MD054;AIX EN PROVENCE;;21.0;25/07/2019;27/07/2019;01/01/1998;13290;13001;43.5360708378,5.39857444582;AIX EN PROVENCE;13.0;Bouches-du-Rhône;;22.0;0.0;7.0;;19/07/2018;21/07/2018
MIDI FESTIVAL;Provence-Alpes-Côte d'Azur;Musiques actuelles;;83;Annuelle;07 (juillet);www.midi-festival.com;MD007;TOULON;Diverses communes;14.0;25/07/2019;28/07/2019;01/01/2005;83200;83137;43.1361589728,5.93239634249;TOULON;83.0;Var;;15.0;0.0;7.0;;20/07/2018;22/07/2018
LA FETE DU COGNAC;Nouvelle-Aquitaine;Musiques actuelles;Musiques amplifiées ou électroniques;16;Annuelle;07 (juillet);www.lafeteducognac.fr;JD013;COGNAC;;21.0;25/07/2019;27/07/2019;01/01/1998;16100;16102;45.6962326551,-0.33507941815;COGNAC;16.0;Charente;;22.0;0.0;7.0;;26/07/2018;28/07/2018
LEZ'ART FESTIVAL A LAGUEPIE;Occitanie;Musiques actuelles;;82;Annuelle;07 (juillet);http://lezart.org;KD210;Laguepie;;6.0;25/07/2019;27/07/2019;01/01/2013;82250;82088;44.163304209,1.95842635186;Laguepie;82.0;Tarn-et-Garonne;;7.0;0.0;7.0;;26/07/2018;29/07/2018
JAZZ À BRIGNOLES;Provence-Alpes-Côte d'Azur;Musiques actuelles;Jazz, blues et musiques improvisées;83;Annuelle;07 (juillet);www.jazzabrignoles.net;MD099;BRIGNOLES;;30.0;25/07/2019;27/07/2019;01/01/1989;83170;83023;43.3992941902,6.07740244296;BRIGNOLES;83.0;Var;;31.0;0.0;7.0;;26/07/2018;28/07/2018
ATOM FESTIVAL;Occitanie;Pluridisciplinaire Spectacle vivant;;11;;07 (juillet);;KB002;Castelnaudary;;;26/07/2019;28/07/2019;;11400;11076;43.3230173159,1.96073752488;Castelnaudary;11.0;Aude;;;2020.0;7.0;;29/06/2018;01/07/2018
Tempo Latino;Occitanie;Musiques actuelles;Musiques traditionnelles et du monde;32;Annuelle;07 (juillet);www.tempo-latino.com;KD114;VIC FEZENSAC;;26.0;26/07/2019;28/07/2019;01/01/1993;32190;32462;43.762029942,0.297842185088;VIC FEZENSAC;32.0;Gers;;27.0;0.0;7.0;;26/07/2018;29/07/2018
Festival Pablo Casals;Occitanie;Musiques classiques;Baroque et ancien;66;;07 (juillet);www.prades-festival-casals.com;KE012;Prades;;;26/07/2019;13/08/2019;01/01/1950;66500;66149;42.6145021996,2.43074849066;Prades;66.0;Pyrénées-Orientales;;70.0;0.0;7.0;;26/07/2018;13/08/2018
FEST JAZZ A CHATEAUNEUF DU FAOU;Bretagne;Musiques actuelles;Jazz, blues et musiques improvisées;29;Annuelle;07 (juillet);http://www.fest-jazz.com;CD092;CHATEAUNEUF DU FAOU;;14.0;26/07/2019;28/07/2019;01/01/2005;29520;29027;48.1889732859,-3.82126129764;CHATEAUNEUF DU FAOU;29.0;Finistère;;15.0;0.0;7.0;;27/07/2018;29/07/2018
FESTIVAL DE LA MER;Bretagne;Musiques actuelles;Musiques amplifiées ou électroniques;29;Annuelle;07 (juillet);http://www.festivaldelamer.com;CD177;Landunvez;;16.0;26/07/2019;26/07/2019;01/01/2003;29840;29109;48.5343990673,-4.72936031932;Landunvez;29.0;Finistère;;17.0;0.0;7.0;;27/07/2018;27/07/2018
LES NUITS SECRETES;Hauts-de-France;Musiques actuelles;;59;Annuelle;07 (juillet);www.lesnuitssecretes.com;GD098;AULNOYE AYMERIES;;17.0;26/07/2019;28/07/2019;01/01/2002;59620;59033;50.2058749072,3.83263118494;AULNOYE AYMERIES;59.0;Nord;;18.0;0.0;7.0;;27/07/2018;29/07/2018
Août musical de Deauville;Normandie;Musiques classiques;Musique de chambre;14;Annuelle;07 (juillet);https://musiqueadeauville.com/;IE008;DEAUVILLE;;17.0;27/07/2019;10/08/2019;01/01/2002;14800;14220;49.3543800887,0.0744665786308;DEAUVILLE;14.0;Calvados;;18.0;0.0;7.0;;28/07/2018;11/08/2018
JAZZAPASSA;Occitanie;Musiques actuelles;Jazz, blues et musiques improvisées;66;Annuelle;07 (juillet);http://www.jazzebre.com;KD999;PASSA;;8.0;27/07/2019;27/07/2019;01/01/2011;66300;66134;42.5650078478,2.80463901382;PASSA;66.0;Pyrénées-Orientales;;9.0;0.0;7.0;;;
L'ETE DE VAOUR;Occitanie;Pluridisciplinaire Spectacle vivant;;81;Annuelle;07 (juillet);www.etedevaour.org;KB022;VAOUR;;33.0;29/07/2019;11/08/2019;01/01/1986;81140;81309;44.070490584,1.80207559018;VAOUR;81.0;Tarn;;34.0;0.0;7.0;;31/07/2018;05/08/2018
MYSTERES DE L'OUEST;Bretagne;Cirque et Arts de la rue;Arts de la rue;56;Annuelle;07 (juillet);https://www.belle-ile.com/faire/sortir/festivals-et-theatre/2429836-festival-les-mysteres-de-louest;CM020;SAUZON;;6.0;30/07/2019;02/08/2019;01/01/2013;56360;56241;47.353750697,-3.23035128949;SAUZON;56.0;Morbihan;;7.0;0.0;7.0;;27/07/2018;30/07/2018
Festival Lyrique International de Belle Ile en Mer;Bretagne;Musiques classiques;Lyrique et choral;56;Annuelle;07 (juillet);http://festival-belle-ile.com/;CE009;LE PALAIS;;20.0;30/07/2019;16/08/2019;01/01/1998;56361;56153;47.5826411591,-2.33551260645;LE PALAIS;56.0;Morbihan;;22.0;0.0;7.0;;30/07/2019;16/08/2019
La Roche Bluegrass Festival;Auvergne-Rhône-Alpes;Musiques actuelles;;74;;07 (juillet);http://www.larochebluegrass.org/accueil.html;AD999;La Roche sur Foron;;;31/07/2019;04/08/2019;;74800;74224;46.0431484138,6.30107653595;La Roche sur Foron;74.0;Haute-Savoie;;;;7.0;;;
CHANSONS ET MOTS D'AMOU;Nouvelle-Aquitaine;Musiques actuelles;Chanson;40;Annuelle;08 (août);http://www.chansonsetmotsdamou.fr/;JD111;AMOU;;7.0;01/08/2019;04/08/2019;01/01/2012;40330;40002;43.5938659835,-0.743678079626;AMOU;40.0;Landes;;8.0;0.0;8.0;;03/08/2018;05/08/2018
Chamrousse en Piste;Auvergne-Rhône-Alpes;Cirque et Arts de la rue;Arts de la rue;38;Annuelle;08 (août);https://www.chamrousse.com/festival-chamrousse-en-piste-office-du-tourisme-de-chamrousse-215248.html;AM005;CHAMROUSSE;;9.0;02/08/2019;04/08/2019;01/01/2010;38410;38567;45.1197427134,5.89438297795;CHAMROUSSE;38.0;Isère;;10.0;0.0;7.0;;28/07/2018;29/07/2018
Festival Interceltique de Lorient;Bretagne;Musiques actuelles;Musiques traditionnelles et du monde;56;Annuelle;08 (août);www.festival-interceltique.bzh;CD126;LORIENT;;49.0;02/08/2019;11/08/2019;01/01/1970;56100;56121;47.7500486947,-3.37823200917;LORIENT;56.0;Morbihan;;50.0;0.0;8.0;;03/08/2018;12/08/2018
LE CHIEN A PLUMES;Grand Est;Musiques actuelles;Musiques amplifiées ou électroniques;52;Annuelle;08 (août);www.chienaplumes.fr;FD028;DOMMARIEN;;22.0;02/08/2019;04/08/2019;01/01/1997;52190;52170;47.6892296711,5.35283846982;DOMMARIEN;52.0;Haute-Marne;;23.0;0.0;8.0;;03/08/2018;05/08/2018
FEST IN PIA;Occitanie;Musiques actuelles;;66;Annuelle;08 (août);www.festinpia.fr;KD011;PIA;;8.0;02/08/2019;03/08/2019;01/01/2011;66380;66141;42.7487012331,2.91497381059;PIA;66.0;Pyrénées-Orientales;;9.0;0.0;8.0;;03/08/2018;04/08/2018
ROCK EN STOCK;Hauts-de-France;Musiques actuelles;Musiques amplifiées ou électroniques;62;Annuelle;08 (août);www.rockenstock.org;GD075;ETAPLES;;20.0;02/08/2019;04/08/2019;01/01/1999;62630;62318;50.5235816785,1.65199985504;ETAPLES;62.0;Pas-de-Calais;;21.0;0.0;8.0;;02/08/2019;04/08/2019
Le Banquet du livre d'été à Lagrasse;Occitanie;Livre et littérature;Sciences humaines et sociales;11;;08 (août);https://www.lamaisondubanquet.fr/banquets/;KK002;Lagrasse;;;02/08/2019;09/08/2019;;11220;11185;43.0957230349,2.60436046295;Lagrasse;11.0;Aude;;;2020.0;8.0;;02/08/2019;09/08/2019
FAMILY PIKNIK FESTIVAL;Occitanie;Musiques actuelles;Musiques amplifiées ou électroniques;34;Annuelle;08 (août);http://www.familypiknikfestival.com;KD137;MONTPELLIER;;7.0;03/08/2019;05/08/2019;01/01/2012;34080;34172;43.6134409138,3.86851657896;MONTPELLIER;34.0;Hérault;;8.0;0.0;8.0;;03/08/2018;05/08/2018
CELTE EN GEVAUDAN;Auvergne-Rhône-Alpes;Musiques actuelles;Musiques traditionnelles et du monde;43;Annuelle;08 (août);www.festivalengevaudan.com;AD056;Saugues;;12.0;08/08/2019;10/08/2019;01/01/2007;43170;43234;44.9482034569,3.53883236387;Saugues;43.0;Haute-Loire;;13.0;0.0;8.0;;09/08/2018;11/08/2018
DURANCE LUBERON;Provence-Alpes-Côte d'Azur;Musiques actuelles;;84;Annuelle;08 (août);www.festival-durance-luberon.com;MD010;AVIGNON;Diverses communes;21.0;09/08/2019;24/08/2019;01/01/1998;84140;84007;43.9352448339,4.84071572505;AVIGNON;84.0;Vaucluse;;22.0;0.0;8.0;;11/08/2018;26/08/2018
